"names;lastNames;id"
"Barrie;Thalmann;401312530"
"Pail;Batrip;7783049"
"Arleyne;Terrans;561302482"
"Joelle;Kegg;930367378"
"Manya;Varnes;32452391"
"Wilmer;Paradyce;219754829"
"Karim;Keady;925321981"
"Silvano;Queste;648715024"
"Seana;Wolfendell;509531575"
"Jacques;Gubbin;119846851"
"Inna;Blaydes;157432384"
"Catharina;Dawid;534135014"
"Antonella;Keeney;930446729"
"Emmie;Imlach;419953162"
"Issiah;Sivyer;390845364"
"Luther;Castleton;479776710"
"Elwood;Kalderon;461643680"
"Wilhelmine;Scowen;555439421"
"Thorstein;Lorkings;12264427"
"Debera;Tessington;969544928"
"Mildred;Sherburn;425633206"
"Martino;Inworth;142032095"
"Ron;Fawcett;849240997"
"Augustina;Dahler;554988639"
"Karisa;Hardwell;775474102"
"Colby;Sirmond;674750618"
"Garrott;Dixie;944520224"
"Margo;Jerosch;467583758"
"Jorey;Doggett;780270645"
"Tabbitha;Fanner;540087048"
"Mitchell;Tewelson;845371995"
"Florry;Jennens;20536639"
"Simone;Ropartz;877641556"
"Manuel;Magnay;212693551"
"Marybeth;Desport;477385856"
"Kitti;Malcher;156045697"
"Shelia;Swanton;280068910"
"Glen;Keat;796027026"
"Sancho;Faircliffe;83652008"
"Shana;Kenealy;876971126"
"Ephrayim;Fontenot;766068383"
"Tommie;Gounard;285853756"
"Dasie;Emett;284970671"
"Kimball;Wyndham;365423726"
"Royal;Auchterlonie;852389974"
"Vonny;Faunch;688346491"
"Clarine;Swetland;5181523"
"Susi;Lowth;915110430"
"Briana;Odell;730879927"
"Cori;Lebrun;226407116"
"Ninnetta;Seaking;667494930"
"Donall;Dikles;418029868"
"Silvanus;Broxis;997632314"
"Crissie;Sandy;913925893"
"Stearne;Giddens;900188503"
"Bart;Haggie;560057473"
"Melloney;Warnock;460153619"
"Dante;Novkovic;183708332"
"Amara;Gogerty;325310229"
"Nadine;Brognot;937754161"
"Norbie;Rowthorn;108563981"
"Jeromy;Laffranconi;462134012"
"Scarface;Leavey;288828411"
"Honor;Paszak;614569810"
"Maurise;Mark;86199234"
"Josephina;Barrowcliffe;620579291"
"Thaxter;Pervoe;740236768"
"Irina;Cheetham;501797307"
"Koo;Trayte;583389581"
"Luke;Gissop;934954540"
"Samson;Gowar;189838340"
"Alicea;O'Rourke;733890106"
"Aile;Beurich;361132354"
"Charmine;Cavil;181240267"
"Emlynn;Arrundale;317914624"
"Dominique;Radleigh;453402214"
"Demetra;Barajaz;973009601"
"Northrup;Ebbetts;217531965"
"Clementia;Klimkiewich;791315753"
"Ophelie;Jayne;61236325"
"Bobbi;Jeckells;102206517"
"Rutledge;Vecard;462162677"
"Griswold;Hayer;399737935"
"Ewen;Prahm;912305373"
"Kamila;Ghest;116803712"
"Eachelle;Mauvin;488641112"
"Zena;de Courcey;721946288"
"Astrid;Lapping;99519639"
"Preston;Paddison;472298913"
"Brigitte;Andrysek;812919143"
"Aldridge;McCready;228664141"
"Gilburt;Keasley;777700864"
"Shauna;Fandrey;612392644"
"Hulda;Bilverstone;485712357"
"Ryun;Crossland;17389102"
"Tymothy;Gudd;222387758"
"Anselm;Eusden;332641571"
"Roderick;Kegley;21286020"
"Una;Bertomieu;703604139"
"Grissel;Josephi;47444619"
"Millard;Langdridge;441318042"
"Leigh;Libbie;662699673"
"Cicely;Hawkslee;967397054"
"Tammie;Kemmey;10378987"
"Adrea;Plessing;389899492"
"Adiana;Duffill;588178920"
"Ahmed;Hannon;936213260"
"Shurlock;Duchan;68448901"
"Katine;Rieme;917793664"
"Forrest;Lillywhite;405078334"
"Fawn;Parsonson;104594470"
"Joye;Vequaud;898368291"
"Pier;Yoodall;323102384"
"Bell;Panton;967320735"
"Timmi;Wrack;345417362"
"Aline;Sterte;647842487"
"Ingram;Poletto;614012961"
"Jeremie;Coveley;714644098"
"Roxine;Hugnin;845785295"
"Guinevere;Loving;373514909"
"Jervis;Pee;776192068"
"Petronella;Manueau;723264900"
"Vera;Galer;674319690"
"Waldo;Greguol;181565823"
"Keefer;Kenneford;773264316"
"Stearne;Schruur;689746654"
"Marga;De Gogay;435585638"
"Simeon;Shelbourne;100222044"
"Gwenora;Camin;576088363"
"Austin;Chidwick;507341465"
"Payton;McKevitt;15792082"
"Hyman;Dallman;679559387"
"Lory;Le Grand;278159774"
"Julietta;Crecy;575148429"
"Chevalier;Stidson;651398159"
"Joycelin;De Witt;897703384"
"Ashlee;Roxby;46390268"
"Bobbi;Stroyan;464149817"
"Greer;Maunder;482785046"
"Ulric;Turfrey;144448446"
"Coletta;Arons;845371075"
"Bebe;Saunderson;976032368"
"Reinaldos;Serck;547242677"
"Raynard;Catterall;159572671"
"Gillan;Reasun;451659700"
"May;Cherry Holme;5725186"
"Stevana;Marrow;499013564"
"Beatrice;MacMenemy;675800660"
"Denys;Cowdrey;21918641"
"Katerine;Fowle;288102502"
"Johannes;Trussman;190679863"
"Jorgan;Chown;818813578"
"Kale;Relfe;621464561"
"Warren;Olexa;873453849"
"Marcella;Jensen;514812581"
"Alfreda;Fortie;889964936"
"Elmore;Tarbath;193043980"
"Sherlocke;Powlett;357380650"
"Davey;Ayling;482904763"
"Hermia;Jeacocke;782808273"
"Brad;Cromar;752943993"
"Daryl;Foddy;730141085"
"Lira;Franklin;549935584"
"Claiborne;Twinberrow;401867161"
"Alford;Duggen;589741555"
"Candice;Akister;321657287"
"Glenna;Alywen;344553369"
"Katherina;Rooney;103086896"
"Elliot;Beadles;741235879"
"Bradford;Zorener;663272529"
"Hugibert;Skuse;182205674"
"Free;Goldine;538535048"
"Lynette;Andriessen;744596270"
"Caro;Bellfield;657757039"
"Gordan;Pyke;671301268"
"Pembroke;Loosmore;56554742"
"Boycie;Matzel;347371272"
"Lorianna;Swyn;180501934"
"Blancha;Huegett;506759708"
"Willdon;McAlindon;990036201"
"Ariel;Stayte;655049580"
"Simon;Guise;536239914"
"Dulcia;Le Friec;162039345"
"Tim;Lowings;756547872"
"Patrizius;Eykelbosch;76886023"
"Gloria;Showers;944057724"
"Corrinne;Landrean;770814969"
"Pollyanna;Sweetman;558113056"
"Curt;MacKey;223942264"
"Maryann;Bonar;514139825"
"Leann;Riggott;704319078"
"Tarrance;Shellibeer;341165234"
"Bertie;Dinnington;628416027"
"Meggie;Iorillo;294317323"
"Jaimie;Peverell;926208960"
"Jany;Sudran;597121144"
"Bellina;Janicijevic;14555545"
"Thaxter;Joddins;826668679"
"Mag;Grabb;807749517"
"Eleonore;O'Sherin;856241326"
"Arny;Dornan;750006006"
"Fan;Goodge;620701485"
"Brook;Hanne;90678320"
"Walden;Woodstock;37389781"
"Seka;McGarva;320693356"
"Shelly;Vedenisov;338040209"
"Zahara;Brassill;994254339"
"Hallsy;Zoanetti;453696189"
"Loreen;McKinnon;983930559"
"Berny;Norman;563386565"
"Philippa;Pembery;380428949"
"Shane;Belbin;317410547"
"Leroy;Ratke;678739832"
"Chrissie;Lauga;184904077"
"Kristal;Addlestone;991349981"
"Amalle;Duplock;953074762"
"Marthe;Rase;3443410"
"Dagmar;Osband;815175151"
"Allyn;Bumford;326301488"
"Lemmy;Quadrio;934530662"
"Janka;McLanachan;95713519"
"Karil;Dmtrovic;999672356"
"Devinne;Warbrick;700330233"
"Gaston;Fillan;95640408"
"Osborn;Mottram;48034706"
"Roselin;Hazelgrove;934876707"
"Clem;Chewter;603218050"
"Hercule;Bickley;985747776"
"Ingemar;Garahan;775391451"
"Shelagh;Lob;697445693"
"Liv;Pittendreigh;909489374"
"Rey;Matura;448956372"
"Sigismond;Gillivrie;525175920"
"Ivy;Purry;176764234"
"Joice;Scroyton;456197773"
"Renate;Sinkings;730483685"
"Winifield;Kitney;386949715"
"Phil;Horlick;59350811"
"Aurilia;Nutbeem;715705480"
"Shelly;Swift;785923976"
"Fitz;Lovart;51608978"
"Wheeler;Cordingley;81427447"
"Barry;Haselup;871868933"
"Regina;Schieferstein;714413324"
"Jordanna;Deneve;471590148"
"Nolan;Kringe;335658117"
"Cleve;Cherm;823159474"
"Denise;Maughan;29306006"
"Lindon;Hovenden;311132373"
"Nadine;Innis;296558022"
"Jada;Jakobsson;951543530"
"Ursala;Catling;498991707"
"Patton;Bogges;226408956"
"Dorelle;Boydon;289500531"
"Ferdinande;Wethered;572863308"
"Cos;Gillon;795663305"
"Kaitlin;Kreutzer;359803624"
"Sapphira;Balam;535059746"
"Clevey;Snassell;985966194"
"Rolph;Jaquiss;919008339"
"Delphinia;Bernhart;150567906"
"Darcy;Mousley;651945040"
"Frasco;Feben;940373646"
"Cathe;Shipsey;490853251"
"Ignaz;Ungerer;866319060"
"Kiel;MacKey;72050663"
"Wright;Swiffin;39000525"
"Janet;McFall;106119594"
"Sibeal;Sneesbie;530414153"
"Estell;Pettus;948266077"
"Janaye;Maccaig;505701242"
"Felisha;Enrich;404010924"
"Bren;Powling;921304749"
"Ermina;Harme;200620779"
"Karna;Paulou;706623200"
"Margaret;Ledrun;119862063"
"Shirlene;Breydin;590221335"
"Jodie;Creech;948074325"
"Dela;Dailey;343992617"
"Nerta;MacDonough;181641041"
"Ulrick;Jerger;119305538"
"Glennie;Fielden;131145626"
"Dewie;Reis;852441512"
"Halimeda;Oakly;374806901"
"Clarine;Wride;568935607"
"Kylie;Joselevitch;595718335"
"Rozalin;Curlis;676546325"
"Lowell;Motte;610976754"
"Wally;Nore;215524700"
"Langsdon;Kasperski;799825474"
"Thorny;Knee;829999839"
"Hildy;Hynde;544390408"
"Agosto;Cathro;620084521"
"Cynde;Bales;848975210"
"Jacinda;Northeast;714251518"
"Drucie;Shorthouse;56627788"
"Annelise;Frandsen;44310206"
"Correy;Poletto;282937669"
"Dorella;Bosher;74840821"
"Mill;Wretham;790179117"
"Lissie;Bernetti;564855328"
"Alair;Royall;121849605"
"Adamo;Guisot;5275925"
"Querida;Pollicott;390182502"
"Chlo;Trulock;678242052"
"Louella;Buller;834102544"
"Coraline;Boldra;386458325"
"Vicki;Gromley;545727770"
"Lulu;Glanz;379676631"
"Bernard;Aldam;110333950"
"Ignazio;Hartly;764975023"
"Beverly;Glavin;117115705"
"Jillene;Branno;547432699"
"Myles;Mallam;418328552"
"Jeanine;Mulcock;675533185"
"Marisa;Buggy;387867941"
"Flossie;Buckel;357775044"
"Cecily;Matyushonok;612961711"
"Gaby;Klainer;599003685"
"Rosanna;Hayley;118937656"
"Burgess;Waple;114486926"
"Wallis;Jeffes;525059209"
"Hasty;Messent;917895513"
"Bernetta;Bruniges;38329123"
"Demetria;Renneke;899171656"
"Baudoin;Clyburn;190147648"
"Gifford;McGuiney;321006590"
"Nat;Blankman;361092335"
"Fin;Dilworth;595139287"
"Michele;Inchcomb;508715783"
"Tatum;Scandroot;955195279"
"Conrad;Phythean;552914121"
"Winona;Vasyutichev;833676949"
"Rowney;Atteridge;595603067"
"Michaella;Kuhnert;474330007"
"Buffy;Sebley;980593563"
"Phyllida;Strettell;620097423"
"Norbert;Stanborough;234774195"
"Devinne;Peaurt;802568463"
"Garey;Lissaman;583027170"
"Kathie;Studeart;69233000"
"Leia;Yardley;825518507"
"Bettina;Crawforth;691904453"
"Tod;Alvey;107394316"
"Gates;Netherclift;493924400"
"Norina;Hubbock;137308233"
"Sax;Drife;95386408"
"Paquito;Clendinning;311539170"
"Joleen;Tuffield;91922475"
"Jobye;Annetts;267203099"
"Cyndi;Barks;221409523"
"Ingunna;Casiroli;230235892"
"Halie;McAreavey;567864878"
"Lissy;Kighly;915456101"
"Bo;Haigh;750646996"
"Katuscha;Songer;49301864"
"Joey;Ceeley;112526360"
"Shena;Breitler;437035280"
"Moises;Abden;631227960"
"Jacynth;Doggett;975793651"
"Tamarah;Brine;574372070"
"Sherye;Nolleau;210877840"
"Vinson;Besnardeau;44328100"
"Mayne;Grigorey;69365671"
"Gris;Whytock;160474912"
"Richmond;Kelloway;285496580"
"Tybi;Cowderay;949535069"
"Gaelan;Froome;585056612"
"Perice;MacGibbon;711348312"
"Nickolai;Kyle;280285415"
"Josee;Adds;616184442"
"Zane;Fitzroy;192893350"
"Louisa;Ormerod;582884208"
"Denise;Gayden;714313940"
"Giovanni;Noyce;959879774"
"Filide;Dye;451108003"
"Melosa;Arpino;176084043"
"Frazier;Smouten;164244508"
"Leonore;Kenney;273812274"
"Tresa;Ivanyukov;76767611"
"Kenyon;Manske;618691098"
"Antone;Dmytryk;860746595"
"Yankee;Ribchester;173975654"
"Arliene;Kubicka;480614246"
"Laughton;Schachter;944757202"
"Marieann;Monkley;355245936"
"Delmar;Langelay;495652622"
"Leonie;De Biasi;549688732"
"Vonny;Hughesdon;234393107"
"Agnese;Gayter;909182182"
"Melanie;Tuke;671826205"
"Alanna;Keighly;722604319"
"Beau;Wrankling;738287920"
"Agnesse;Pieroni;30530476"
"Kati;Sertin;115250288"
"Niko;Hunston;987792790"
"Sue;Houlden;972270742"
"Alford;Norcross;38909377"
"Bernadette;Sheach;328923682"
"Valry;Grasser;892503594"
"Dominique;Oakly;427098329"
"Harlene;Hurburt;12939901"
"Athena;Caddy;71751123"
"Brier;Burnhill;632103086"
"Burty;Gamet;94250482"
"Celina;Wolfart;38023346"
"Vitoria;Dziwisz;809369573"
"Carlynne;Jurczyk;886785172"
"Alameda;Daal;152055167"
"Ernestine;Hammel;307653520"
"Tybalt;Nulty;325994360"
"Carissa;Windress;253211997"
"Helenka;Hessel;331297039"
"Darb;Luckie;359738439"
"Kala;Heinrich;276612712"
"Camila;Rowes;242978069"
"Rochella;Hardwich;637535512"
"Lanie;Cazalet;235543064"
"Jobey;Jays;946974140"
"Lorelei;Maddams;351830931"
"Emera;Fry;895841118"
"Ilsa;Wetheril;434358610"
"Lillian;Jephcote;334304048"
"Mario;Alpine;778071968"
"Luca;Symones;631499991"
"Maris;Lamkin;540394834"
"Stella;Sherbourne;831641722"
"Zerk;Eke;333718062"
"Pier;Spillman;762629543"
"Ingrid;Woodbridge;750202512"
"Dara;Faveryear;650071087"
"Bonny;Murrill;376770978"
"Lauraine;Euler;437730701"
"Durante;Orrocks;146249871"
"Cross;Rose;296968405"
"Waneta;Kull;151539947"
"Mohandas;Cordes;495525374"
"Corry;Mulran;613581659"
"Marline;Drydale;701231233"
"Beverie;Charpin;463740630"
"Helga;Hagard;235177420"
"Teddy;Sivell;977471159"
"Jerrome;Jekel;314897301"
"Parry;Baudain;546261505"
"Christel;Hawking;292349886"
"Lindsay;Pech;462422893"
"Corina;Lob;244734579"
"Bogart;Harbour;682230896"
"Eb;Clewett;394305560"
"Lewes;Stailey;477610860"
"Winn;Bergeon;752474395"
"Barbette;Ogles;4538259"
"Alexandr;Scullion;333296000"
"Meredith;Skeat;429907255"
"Frieda;Yakovliv;466261433"
"Rycca;Hember;548849925"
"Sabine;Weber;555019092"
"Trent;Klas;651609780"
"Aldwin;Langfat;275899769"
"Nanete;Kingerby;142754030"
"Margo;Wombwell;465629667"
"Constancy;Gawith;999098040"
"Daisie;Dockree;537366177"
"Leoline;Kurtis;208311307"
"Banky;Maskew;451461039"
"Lenard;McSporon;770297434"
"Amelie;Lefley;887754006"
"Mindy;Piggens;378119826"
"Phyllys;Oxton;125596831"
"Mel;Pentony;738748417"
"Elna;Lydiatt;762835171"
"Bevon;Caush;35402398"
"Crystal;Alberts;12164401"
"Holly;Eyres;121821665"
"Aldin;Lyste;222787870"
"Bobby;Shurmer;634361401"
"Mela;Busek;551060265"
"Clarence;Batchellor;98919422"
"Neilla;Clatworthy;519685400"
"Rozanna;Deverson;183018684"
"Fernando;Antusch;316905625"
"Sandye;Wegman;163190008"
"Reese;Kaye;439225139"
"Ted;Bowen;408555168"
"Ivett;Trimme;359842023"
"Katherina;Pavlenkov;392416237"
"Nicol;Dunseath;594487125"
"Goddart;Simonsen;125523520"
"Ludwig;Brierton;676479784"
"Andie;Bodycombe;229100566"
"Antonius;Blamires;315685923"
"Valentin;Collibear;744427572"
"Alie;Dodsley;293461"
"Morgana;Dentith;729318197"
"Kris;Whistance;896220306"
"Hervey;Livoir;906751831"
"Jewell;Avrahamian;31442771"
"Petra;Jakucewicz;725549009"
"Adeline;Thomkins;870470507"
"Law;Yakovitch;120335710"
"Farlee;Tiernan;21863669"
"Rosamund;Gislebert;797499280"
"Susann;Arenson;959018377"
"Olympe;Copyn;933428800"
"Sigfrid;Seaman;138632657"
"Malissia;Povele;541311210"
"Faustina;Galland;561261719"
"Annemarie;Antonik;873956138"
"Haily;Nerger;758902824"
"Kevina;Arzu;497328823"
"Moritz;Mottley;242004614"
"Kerrie;Jedrys;375587083"
"Gawain;Robrow;486787150"
"Godfree;Marchent;526676085"
"Darya;Danilov;624121647"
"Briant;Sailor;104668261"
"Gretal;O'Dougherty;145450825"
"Giacomo;Wegenen;357411811"
"Gal;Lambdon;812884724"
"Elbertina;Megarrell;772805640"
"Carlin;Oxford;52654262"
"Pammie;Favill;954649288"
"Steffane;Brainsby;954766844"
"Jillie;Wedmore.;355070303"
"Kean;Todeo;916537327"
"Pace;Prydden;3537005"
"Cameron;Moxon;403329838"
"Linoel;Applegarth;780166144"
"Domenic;Disney;388970497"
"Curt;Stoaks;791201234"
"Wilbur;Chetwind;548215696"
"Mabelle;Horsewood;731477541"
"Reamonn;Gornall;377285541"
"Birch;Peter;974786085"
"Jere;Lubman;844663820"
"Karissa;Jeffries;109389004"
"Leela;Doiley;589270266"
"Ferris;Langrick;117151814"
"Shurlocke;Clapison;948400906"
"Anabelle;Goves;367245094"
"Julianne;O'Spellissey;48273290"
"Jefferey;Vel;337122055"
"Aridatha;Eayres;736437305"
"Carly;Rosencwaig;767435092"
"Ulrike;O'Kane;965935819"
"Candie;Hartas;552242552"
"Kelly;Durnford;52253756"
"Burt;Jojic;941342970"
"Clemmy;Barlow;583783906"
"Calhoun;Eytel;853026278"
"Tybi;Hawkwood;195093703"
"Lazar;Kopfer;541239995"
"Aguistin;Ginglell;585658677"
"Arthur;Petrovsky;531223053"
"Alphard;Crowley;62968217"
"Hiram;Braddick;754610125"
"Manda;Woodfin;72824982"
"Hew;Gawler;278291428"
"Wesley;Learmouth;115255134"
"Janis;Aulton;888008014"
"Ethelred;Jowitt;626228447"
"Stanley;Leask;168348569"
"Tull;Growcock;713820852"
"Zacharias;Paget;478096453"
"Stanislaw;Nolleau;685263427"
"Akim;Buncher;461959890"
"Drona;Weild;807977198"
"Orren;Janic;421572396"
"Saunders;Goodship;16771696"
"Frazier;Flips;330777512"
"Gage;Arndt;836114640"
"Edgar;Aronsohn;340562563"
"Nancie;Wickersham;59941155"
"Trevor;Almond;817298188"
"Sherri;Jacmard;723220990"
"Cristian;Cowitz;855579619"
"Jordanna;Hickinbottom;291003770"
"Chiquita;Arundel;641773100"
"Pierre;Peddowe;413737617"
"Cherilyn;Scyner;19320459"
"Timmie;McGeneay;17707451"
"Hynda;Beswick;533557500"
"Tarah;Gillford;523553085"
"Shayne;Bims;130005255"
"Devin;Cosins;580770397"
"Bartholomeo;Swinden;490114414"
"Hendrik;Ladbury;30980794"
"Xenia;Riby;294547218"
"Charin;Fysh;974096688"
"Terese;Venners;163091331"
"Tuck;Dorkin;596527891"
"Vidovik;Standish-Brooks;951042069"
"Alysia;Risbridger;222451796"
"Jessica;Leuren;641958950"
"Axe;Von Salzberg;772828819"
"Ivor;McGrath;70799672"
"Maurizio;Osbourne;820514386"
"Valerie;Horley;217968780"
"Emily;Catto;317749554"
"Annette;Sandle;721177783"
"Caty;Lovegrove;279907558"
"Zared;Slemmonds;162358424"
"Peyter;Shalcros;1223892"
"Katy;Banck;656482628"
"Morlee;Scarf;175608869"
"Brigitte;Berford;235644167"
"Rayshell;Rama;338894908"
"Orelle;Steele;315708450"
"Catha;Tomson;629260498"
"Alberto;Bardey;234383835"
"Brocky;Hallex;338005647"
"Terrence;Follows;368737100"
"Alan;Sazio;23919789"
"Annadiane;Hastin;211586393"
"Pen;Varnham;515406311"
"Pavla;Hand;119564486"
"Albert;Shimon;192752275"
"Niven;Heskey;145846158"
"Nancee;Gori;573595254"
"Joane;Cazalet;594710265"
"Briano;Boatman;711779732"
"Maddie;Firmin;949188686"
"Pamela;Rosenberger;402660223"
"Cally;Summerbell;850888306"
"Eleni;Matthias;474648074"
"Helge;Kennealy;371094831"
"Carmina;Buddell;938865189"
"Belicia;Parmby;934943246"
"Kiri;Frankcom;953760538"
"Anton;Kloss;516932851"
"Florrie;Smitherham;943458942"
"Sidnee;Bruggen;260307546"
"Adriana;Kastel;740868132"
"Waite;Lockhart;181900596"
"Reeva;Garbar;305278102"
"Dominic;Giles;418980974"
"Adams;Wittering;820955363"
"Florida;Elcombe;316627689"
"Dannie;Bartholin;511687516"
"Humbert;Dudlestone;21419430"
"Chad;Seeks;215040580"
"Amelina;McLleese;3716770"
"Stanly;Dowsing;32948970"
"Larina;Taffarello;55022494"
"Blisse;Deveril;184709654"
"Lenna;Foltin;338369006"
"Ines;Goodsir;829859295"
"Hadley;Mccaull;131594751"
"Donielle;Simmill;78039835"
"Tansy;Arthan;575447635"
"Beale;Stears;872625828"
"Dannye;Short;318454395"
"Klara;Kennady;152539042"
"Tandy;Ardley;756215526"
"Bale;Shiers;930440207"
"Barny;Angus;421557509"
"Romain;Ralton;64606702"
"Odo;Canti;123923129"
"Pascal;Rosenau;405616780"
"Kati;Tarbert;40900472"
"Christian;De Vuyst;41288107"
"Marnie;Wynter;190926308"
"Arni;Grivori;725694657"
"Arnold;Izakof;547100003"
"Arabele;Brelsford;301135478"
"Mathilde;Asser;439958898"
"Hanna;Gobert;731094389"
"Zollie;De Vaar;864093056"
"Sonnie;Binder;714462600"
"Jacinthe;Tolwood;798473954"
"Cora;Navaro;487072644"
"Sabina;Yedy;986269854"
"Tori;Greatrex;235540463"
"Lanna;Albinson;575143407"
"Stafani;Veazey;913610761"
"Swen;Keggin;81398677"
"Izabel;Casari;530570317"
"Nye;Redman;575446491"
"Anni;Baynon;167803587"
"Angel;Kinton;283623218"
"Bee;Tombleson;950361255"
"Zerk;Fenimore;474256600"
"Orv;McGoldrick;249496132"
"Robenia;Limbert;178226971"
"Anneliese;Thiem;177605576"
"Riva;Caudrelier;641668019"
"Tanny;Monteath;461977684"
"Judon;Treppas;934570587"
"Jaquelyn;Arni;409092703"
"Ellsworth;Oylett;543842458"
"Frieda;Boundley;955946440"
"Gabriellia;Crust;90854853"
"Dani;Ledwich;592450823"
"Whitaker;Saltwell;152490562"
"Boyd;Camoletto;981892250"
"Sissy;Backes;862171657"
"Anny;Smooth;983061163"
"Worth;Bonsall;834788080"
"Shanta;Conechie;135658693"
"Ruperto;Swine;355368127"
"Elisha;Conyers;326357316"
"Bliss;Cazereau;348173391"
"Eduardo;Whitwood;671519841"
"Brunhilda;Humbey;480697336"
"Thayne;Tolcher;728408968"
"Sibel;Benitez;291654125"
"Gertrude;Wapol;286906596"
"Francyne;MacKean;715022465"
"Vassili;Feake;480327271"
"Waneta;Rosewall;584489598"
"Nicko;Cavell;464626895"
"Shanta;Kleinerman;572352878"
"Yale;Burnitt;842340321"
"Janna;Evangelinos;163477736"
"Kippar;Leatt;929930546"
"Cecil;Engledow;328378221"
"Lynde;Wantling;450676044"
"Wileen;Cockram;896491628"
"Meredith;Pittaway;270012642"
"Dell;Eglese;917471267"
"Genia;Brigham;293384509"
"Bar;Grzegorczyk;368594507"
"Davina;Froude;98402855"
"Carey;Cucinotta;986541075"
"Faber;Cotgrave;426821919"
"Velvet;Creedland;739484085"
"Earl;Shearman;321458404"
"Persis;Witherby;639311162"
"Jeno;Howarth;944940765"
"Paige;Benediktsson;48240543"
"Sydney;Tearle;371921984"
"Lorry;Becket;561495666"
"Chelsey;Alecock;233932669"
"Marcelline;Sweetnam;842627981"
"Danni;Varndell;265548383"
"Louisa;Lambdon;62408623"
"Haskell;Magnar;811182395"
"Ethyl;Vearncomb;647487751"
"Luigi;Croxley;286975199"
"Lorenza;Acutt;120722263"
"Illa;Licas;707863787"
"Moll;Myrkus;831903627"
"Deanne;Couthard;442604655"
"Langston;Mayzes;158309438"
"Meryl;Oatley;883315960"
"Mychal;Dunnet;907051466"
"Edik;Lavin;151021100"
"Katya;Eddowis;977004830"
"Orbadiah;Morsom;577402586"
"Quincy;Leglise;675381629"
"Ronnica;Braikenridge;476092325"
"Gannon;Josse;29853229"
"Sula;Bendixen;679061802"
"Diego;Enos;198857263"
"Sumner;Brennen;918823743"
"Conway;Staples;951584574"
"Perle;Crosson;560228583"
"Modesty;Gow;755229939"
"Aguste;Millins;931621644"
"Gerik;Castelin;673938044"
"Daveen;Morrieson;255976015"
"Gwenore;Stollsteiner;66147299"
"Dorie;Driffe;858927950"
"Dion;Clewer;587720187"
"Mureil;Atcheson;21224701"
"Gayleen;Rodolf;66011044"
"Gerik;Fairbourn;433818458"
"Forrest;Munford;252295663"
"Blithe;Pendrill;899095725"
"Danya;Farthing;509951369"
"Avictor;Bortolutti;239505456"
"Lynsey;Fontaine;373788522"
"Selene;Dixcey;523192059"
"Bear;Piller;514708885"
"Gardner;Hicken;567489743"
"Laurel;Vignal;566079138"
"Jodee;Scaplehorn;951284803"
"Briny;Prichet;83174516"
"Sarah;Saylor;506309067"
"Jedediah;Schusterl;397725434"
"Netty;Kuhnert;982246635"
"Packston;Brittan;916988332"
"Fletch;Chaffen;938246115"
"Giovanna;Shatliff;19677394"
"Brigid;Lawrenz;176964944"
"Innis;Baggally;528573794"
"Jarrod;Guinane;593967028"
"Aurelea;Denniston;586464754"
"Laureen;Poundsford;527485414"
"Zitella;Webborn;924199954"
"Corella;Fairbanks;806556239"
"Hermine;Stailey;218165094"
"Bonnie;Timoney;849224145"
"Waylon;Coghlin;854707515"
"Benedetto;Preator;473519473"
"Farrell;Pancost;896094547"
"Marci;Dallinder;911264947"
"Willamina;Cullington;735436026"
"Gilligan;Daunter;630155044"
"Cairistiona;Easeman;201870063"
"Tabbitha;Ropert;607678813"
"Briney;Curreen;403148074"
"Elfrieda;Lewtey;807671107"
"Diana;Haycroft;106857063"
"Stanleigh;Maykin;595185758"
"Clywd;Handrik;182833135"
"Francene;Bramont;41530035"
"Elysha;Claremont;61248549"
"Averill;Gillyatt;622518686"
"Gleda;Drife;447012458"
"Gaby;Huggens;658116807"
"Spike;Nelane;962148266"
"Gregg;Roderighi;498697287"
"Daveta;Naisbit;101436238"
"Camel;McDonough;993798892"
"Chelsey;Perago;676975679"
"Astrix;Needham;700409386"
"Doe;Greetham;278022633"
"Merill;Jerrans;926291206"
"Emma;Mincher;347933484"
"Linn;Higounet;573100528"
"Creighton;Cabotto;339299163"
"Bondon;Lunck;991056419"
"Jerry;Maleham;493563637"
"Lin;Dissman;932322556"
"Brittney;Dillaway;924644351"
"Bevon;Mix;476708470"
"Carny;Felce;303217034"
"Marigold;Ickovitz;660520143"
"Stefania;Barrabeale;640429065"
"Loella;Ouchterlony;614288896"
"Leighton;Allington;597426162"
"Hilary;Duffin;563795561"
"Rhys;Butterworth;666299829"
"Shaun;Le Grys;753493980"
"Truda;Thomelin;681887442"
"Shoshanna;Ruzicka;760399691"
"Cate;Ceresa;654101704"
"Jeniece;Ambrogio;249862502"
"Gothart;Hurton;761353367"
"Denis;Hindhaugh;159472527"
"Balduin;Krale;321614838"
"Cyrill;Fehner;522635629"
"Burtie;Center;25595722"
"Talia;January;867680022"
"Zulema;McDermott-Row;149485927"
"Harrie;Byneth;445207949"
"Cos;Fancutt;815096429"
"Sheffield;Gaenor;475310567"
"Valeda;Guisby;947831444"
"Abran;Barke;64782044"
"Morena;Dosedale;459050822"
"Prent;Mathely;675524959"
"Teddy;Rosettini;466481803"
"Cart;Brydson;274405752"
"Claudian;Endecott;674318193"
"Yoshi;Benedidick;217268569"
"Nicki;Hintze;914693769"
"Ashli;Queen;884233127"
"Georgi;Copeman;469986852"
"Genny;Balentyne;502286515"
"Shay;Comelini;552562645"
"Agustin;Caughtry;226736047"
"Silva;Arnason;201814006"
"Ebonee;Scurlock;406788351"
"Whittaker;Cullity;126060445"
"Sumner;Bedberry;165053170"
"Darbee;Grishankov;73571392"
"Emmy;Fowden;225338336"
"Kenyon;Whiley;593252717"
"Orel;Bidgod;828533969"
"Karlik;Weiser;363764506"
"Gaylene;Bellwood;760059855"
"Ervin;Meharry;705112105"
"Cissiee;Frawley;298052755"
"Mohammed;Gniewosz;411837115"
"Jacquelin;Haughin;253231585"
"Nicky;Jillard;818195981"
"Loraine;Pyrton;516370859"
"Roselle;Adriani;434683439"
"Brion;Crowhurst;195816414"
"Alphonse;Szymanski;523433016"
"Sorcha;McIlvaney;858126071"
"Nathanial;Bail;369737725"
"Hyacinthe;MacCumiskey;693883401"
"Griselda;Gillett;477854027"
"Amory;Summerley;719347219"
"Udell;Boorne;601939427"
"Minetta;Ailmer;512472609"
"Eyde;Conningham;891490680"
"Jeanne;Brownsell;676692523"
"Kissie;Biggadike;189177521"
"Lars;Sturgeon;982454738"
"Shelbi;Atkyns;78544311"
"Calley;O'Hare;467856848"
"Jeth;Bridgewood;262671700"
"Reinaldos;Billingsley;791845258"
"Jennica;Draijer;707320749"
"Daven;Paumier;996816879"
"Cal;Danielsky;832202831"
"Margaux;Bygrove;729776980"
"Melodie;Sandell;727436490"
"Wallis;Bouller;417675225"
"Zara;MacKissack;776333688"
"Katina;Tebbut;426946104"
"Zabrina;Caslake;115485704"
"Dacey;Bodycombe;193978060"
"Garv;Fawcus;594760619"
"Chandal;Rois;883266791"
"Alva;Ipgrave;876792927"
"Cthrine;Floris;417837646"
"Clem;Marton;157554228"
"Rey;Gecks;187731412"
"Elvis;Weathers;380887025"
"Dannie;Breeder;281111020"
"Dyanna;Simonyi;97489479"
"Rayner;Aviss;493698805"
"Whitney;Siemon;803977403"
"Homere;MacNair;976544391"
"Joleen;Mowne;822845478"
"Jorry;Cresar;826525506"
"Jobye;Longcake;22494872"
"Kimberly;Chmarny;908539036"
"Karole;Yeiles;815806940"
"Bethanne;Glassman;155221742"
"Townie;Sleet;77939751"
"Dacia;Dohr;810379776"
"Kathlin;Leachman;68439968"
"Leandra;Carmen;91711230"
"Randy;Frantzen;208989540"
"Karlik;Cardenas;653123832"
"Ruthi;Pawlicki;691559776"
"Benoite;Kunkel;300797660"
"Frederich;Killcross;670811833"
"Nick;Hankins;690150064"
"Carling;Schruur;156869987"
"Amata;Worts;431071016"
"Thain;Hamil;383614071"
"Jasmin;Rothwell;518514465"
"Niccolo;Cahillane;615753087"
"Nikos;Rennox;727003651"
"Christie;Shillan;206031339"
"Daniela;Ouldred;208499586"
"Sherye;Brigham;854860834"
"Idette;Dachs;660204001"
"Leodora;Chaise;855468137"
"Billie;Kinnaird;179657490"
"Maribelle;Cristofori;936005599"
"Faber;Tingly;955701418"
"Riannon;Riepel;411837711"
"Chicky;Enoch;110754769"
"Gallard;Haynes;127475874"
"Anthony;Bartolomeoni;999041058"
"Roley;Moreside;328343763"
"Betti;Gres;703743010"
"Rosamund;Kaubisch;886229183"
"Corrianne;O'Lenane;138942913"
"Ettore;Catling;702777736"
"Dolores;Shilliday;506819728"
"Eleanor;Lackie;887073581"
"Wrennie;Gozney;752588182"
"Mathe;Bottjer;967240595"
"Bartie;O'Day;302356027"
"Antoine;Facer;18095917"
"Dwight;Jenkyn;782249184"
"Vanya;Shortcliffe;5078282"
"Brander;O'Sullivan;175944277"
"Vale;Mulvagh;410973067"
"Reube;Francombe;145563492"
"Carlos;Louedey;138771411"
"Missy;Tineman;426429446"
"Koo;MacGinlay;259166069"
"Megen;Buckby;308549900"
"Melloney;Schiesterl;548996998"
"Horacio;Devenny;359646615"
"Rikki;Monier;705786637"
"Frankie;Christley;651329082"
"Aveline;Shackell;689400064"
"Sutherlan;Jager;538508678"
"Belita;Mullaney;754672353"
"Flori;Muckersie;80213102"
"Letta;Mournian;237491753"
"Park;Curthoys;59391080"
"Archambault;Pavey;401683483"
"Cesaro;Newbegin;917742611"
"Aveline;Cuzen;239936543"
"Christoforo;Streetley;392605554"
"Daisy;Retter;167077868"
"Lucky;Scoffins;562024158"
"Shara;Armitage;662756771"
"Farra;Jenk;384320306"
"Dena;Kirkbright;430944931"
"Cullan;Tite;994016122"
"Hildegaard;Daugherty;344082574"
"Clyde;Kail;293361193"
"Deeann;Raikes;29927730"
"Axe;Antonijevic;819161285"
"Xena;Middleton;917474937"
"Kare;Osbaldstone;974142972"
"Brana;Qualtro;255520534"
