"name;creator;lastModifie"
"Island Oasis - Magarita Mix;Gwenny Maylard;Giusto Kitcher"
"Nantucket - Orange Mango Cktl;Charles Bullus;Frank Twelvetrees"
"Muffin Mix - Oatmeal;Tonia Bannell;Winona Gilyott"
"Spoon - Soup; Plastic;Ker Bestwerthick;Venus Cleary"
"Pasta - Lasagna; Dry;Teresita Enders;Olympia Murton"
"Apricots Fresh;Jannelle Areles;Odilia Spence"
"Lumpfish Black;Drusie Chessel;Pamelina Rolley"
"Wine - Dubouef Macon - Villages;Ursa Mangenot;Norina Vennard"
"Stock - Fish;Rad Mirando;Kellyann Vass"
"Oil - Pumpkinseed;Virginia Cumbers;Frans Marzello"
"Plate - Foam; Bread And Butter;Roxane Franzini;Vance Josupeit"
"Cake - Dulce De Leche;Blancha Addinall;Ty Camis"
"Alize Sunset;Elvera Pogue;Piotr McIlheran"
"Lemon Pepper;Trent Pochon;Tori Trye"
"Juice - Apple; 1.36l;Dusty Barbie;Shelley Loughead"
"Quail Eggs - Canned;Augy Gerin;Manda MacKenzie"
"Chicken - Livers;Aubrette Dominka;Haily Yarnall"
"Beer - Moosehead;Wynny Mattiussi;Mateo Marke"
"Squash - Pattypan; Yellow;Rozelle Gordon-Giles;Guss Stoker"
"Truffle Cups - Brown;Ermengarde Barette;Alethea Spiaggia"
"Cranberries - Frozen;Purcell Boc;Stacey Donnison"
"Sobe - Cranberry Grapefruit;Issy Jovis;Jodee Bernasek"
"Calypso - Pineapple Passion;Cordie Peotz;Patrice Lovegrove"
"Veal - Inside; Choice;Leodora Menier;Gallard Dominetti"
"Sprouts - Corn;Joline Haggerty;Isabelita Skiggs"
"Crackers - Melba Toast;Osborn Mugleston;Marlowe MacCleay"
"Pastry - Baked Scones - Mini;Tilly Grosier;Krysta Fowler"
"Appetizer - Mango Chevre;Juliana Yerborn;Lee Bowker"
"Wine - Jackson Triggs Okonagan;Helene Weatherburn;Holly Scarsbrooke"
"Wine - Red; Cabernet Merlot;Vivyanne Gittens;Damian Trousdell"
"Foil - 4oz Custard Cup;Ibrahim Elen;Darbee Maffia"
"Cake - Bande Of Fruit;Jennine Greder;Joceline Blagden"
"Zucchini - Yellow;Laryssa Macklin;Donal Rittmeyer"
"Scallops 60/80 Iqf;Malva Casham;Henrie Phillcox"
"Nantucket - 518ml;Franchot Happel;Angy Jobson"
"Radish - Pickled;Ivette Dmitrienko;Lorianna Teers"
"Lemonade - Strawberry; 591 Ml;Cassondra Rollings;Cherrita Bromehed"
"Soupcontfoam16oz 116con;Bride Elsay;Hector Devil"
"Scallops - U - 10;Valeda Flacknoe;Ingmar Merrikin"
"Tea - Decaf 1 Cup;Vitia Elliker;Marcy Whitwham"
"V8 Splash Strawberry Banana;Coriss Clemendot;Yvette Noir"
"Flour - Bran; Red;Danya Drife;Otes Nevitt"
"Kiwano;Darci McKeeman;Shandie Golborne"
"V8 - Berry Blend;Katlin Wynter;Carmen Berthel"
"Lamb Leg - Bone - In Nz;Jacky Baskerville;Peyton Petheridge"
"Wine - White; Gewurtzraminer;Dene Redford;Dusty Cottee"
"Mayonnaise - Individual Pkg;Mandi Ayre;Sidonnie Joseland"
"Chocolate - Compound Coating;Olav Simeons;Eduardo Stoll"
"Cookies - Fortune;Marietta Lemmen;Delmar Strathearn"
"Scallops - 10/20;Vernice Leech;Cordie Stigger"
"Beans - Black Bean; Canned;Gearalt Maudett;Barris Lease"
"Bagel - Ched Chs Presliced;Rolfe Bliven;Garwin Newall"
"Extract Vanilla Pure;Irma Martinet;Jewell Atteridge"
"Rice Pilaf; Dry;package;Shir Guinn;Dion Meeron"
"Corn - Cream; Canned;Aarika Kardos;Sigfried Novotni"
"Peach - Fresh;Ricki Bruneau;Ardelle Olenikov"
"Frangelico;Rozanne Colquhoun;Stephan Tutsell"
"Appetiser - Bought;Leela Welton;Angus Barkaway"
"Pepsi - Diet; 355 Ml;Say Dunniom;Clive Mellodey"
"Taro Leaves;Tatiania Rispine;Westbrook Bocking"
"Sobe - Berry Energy;Claudelle Oxtoby;Paton Giabuzzi"
"Caviar - Salmon;Frans Snar;Odell Woodrow"
"Fond - Neutral;Gerhardine Goody;Karla Rallings"
"Pork - Liver;Sophronia Sulley;Conroy Schukert"
"Vodka - Moskovskaya;Sharon Dafydd;Bernete Blanshard"
"Lid Coffee Cup 8oz Blk;Hiram Briddle;William Sweetmore"
"Triple Sec - Mcguinness;Ava Scoffham;Cybill Ghidoni"
"Truffle - Peelings;Reade Clarey;Patti Spaule"
"Rum - Spiced; Captain Morgan;Randall Mushrow;Tudor Jansema"
"Cherries - Frozen;Delainey Grastye;Zeb Pinel"
"Spinach - Baby;Sile Maurice;Charis Unthank"
"Chicken - White Meat; No Tender;Isidora Goldspink;Galvin Gouly"
"Steam Pan Full Lid;Elly Schulze;Reiko Geeves"
"Eel - Smoked;Bord Pavinese;Nicholas Agglio"
"Beef Ground Medium;Dun Tubbles;Melisse Kinnen"
"Wine - Manischewitz Concord;Vonni Woollaston;Antonie Snowling"
"Cream - 35%;Jacquenette Rout;Junette Soitoux"
"Eel Fresh;Erick Swinden;Emmerich Eayres"
"Bouq All Italian - Primerba;Lainey Lockier;Joey Diloway"
"Praline Paste;Klement Kenwrick;Oneida Pettiford"
"Asparagus - Frozen;Bernardine Fernant;Brietta Vinden"
"Remy Red Berry Infusion;Maisey Eldered;Emlyn Dargavel"
"Vinegar - Raspberry;Karna Carbery;Maurene Lorraway"
"Doilies - 5; Paper;Fallon Aldred;Camey Grain"
"Nori Sea Weed - Gold Label;Alvira Pagett;Moe Emons"
"Wine - Chardonnay South;Clive Manjot;Harwell Beecraft"
"Soup - French Can Pea;Cyrus Liddiard;Shepperd Sifleet"
"Wine - Duboeuf Beaujolais;Sterling Copello;Maire McKinn"
"Veal Inside - Provimi;Winn Gaffer;Haily Guiducci"
"Turkey - Whole; Fresh;Gordan Shrieves;Berti Rosenzwig"
"Veal Inside - Provimi;Lil Pedersen;Jackie Ratazzi"
"Ice Cream Bar - Drumstick;Red Henrys;Mora Fleg"
"Vinegar - Rice;Sibyl Milberry;Jervis Raunds"
"Pie Shell - 9;Jarib Notman;Florenza Geffe"
"Sobe - Berry Energy;Bill Crampsey;Zuzana Peasby"
"Latex Rubber Gloves Size 9;Angelique Berzin;Bertina Quilliam"
"Garlic Powder;Hesther Congdon;Clari Dessaur"
"Chocolate - Liqueur Cups With Foil;Cairistiona Knudsen;Frazer Wanstall"
"Wine - German Riesling;Sarine Elmhirst;Etheline Lantaph"
"Chilli Paste; Sambal Oelek;Tamara Guilford;Dal Tyrie"
"Mace;Faythe Durrett;Esmaria Twyning"
"Chilli Paste; Sambal Oelek;Valencia Hounsom;Adina Rotter"
"Scrubbie - Scotchbrite Hand Pad;Paxon Askie;Camella Lapere"
"Catfish - Fillets;Ruthie Eggleson;Doralin Scown"
"Bouq All Italian - Primerba;Raymund Hardeman;Gisella Le Houx"
"Glaze - Apricot;Kristoforo Khomich;Carlotta Burkert"
"Water - Tonic;Ferris Pinnigar;Ryon Scotchbourouge"
"Juice - Clamato; 341 Ml;Sheffield Pickersgill;Mellisa Mogra"
"Lettuce - Lolla Rosa;Olenolin Stopps;Melissa Tudgay"
"Beer - Corona;Orly Laidler;Lyman Noir"
"Syrup - Monin - Granny Smith;Constancia Mulliss;Sharon Rames"
"Cheese - Victor Et Berthold;Courtney Collinwood;Karrah Renehan"
"Salt - Rock; Course;Zacharia Treker;Bobbe Oxtiby"
"Mustard - Individual Pkg;Carie Iacomi;Domenico Gossipin"
"Cake - Dulce De Leche;Thayne Ravenhill;Cristionna Tiltman"
"Trueblue - Blueberry 12x473ml;Ludwig Seeking;Sephira Snazle"
"Soup - Boston Clam Chowder;Antonin Lifsey;Maryellen Toopin"
"Sponge Cake Mix - Chocolate;Daisi Hembling;Vin Heardman"
"Mints - Striped Red;Cami Scranney;Wini Yearby"
"Shichimi Togarashi Peppeers;Sophi Hansard;Torry Quincey"
"Bagel - 12 Grain Preslice;Dayle Deeth;Mame Tabary"
"Island Oasis - Peach Daiquiri;Zebulon Kas;Sheelah Indgs"
"Saskatoon Berries - Frozen;Dusty Johananoff;Randy Zannetti"
"Fuji Apples;Cori Carass;Winna Traylen"
"Tomatoes - Diced; Canned;Else Eyre;Nels Bugg"
"Spinach - Spinach Leaf;Lindy Fritchly;Yvon Harriskine"
"Onions - Pearl;Caressa Roizn;Bing Isac"
"Muffin Mix - Chocolate Chip;Knox Woodland;Kareem Feldstern"
"The Pop Shoppe - Cream Soda;Simone Ondrousek;Clayson Lorenzini"
"Oxtail - Cut;Vincents Grouen;Dominique Kubasek"
"Chocolate - Milk;Wilona Joyes;Durand Gillow"
"Trout Rainbow Whole;Ferdinand Coit;Morten Fredi"
"Initation Crab Meat;Kiele Enriques;Niall Adamsen"
"Cheese - Ricotta;Hilde Lowdeane;Millie Stainton - Skinn"
"Tea - Herbal I Love Lemon;Fredericka Brislan;Clementia Mosconi"
"Chocolate - Chips Compound;Kathi Sondon;Bryna Gethings"
"Pork - Inside;Caryl Clitsome;Carmencita Thynne"
"Wiberg Cure;Winnifred Sparry;Benedict Le Lievre"
"Danishes - Mini Raspberry;Jere Di Pietro;Jenica Blei"
"Vacuum Bags 12x16;Giulietta Axon;Kalindi Adelberg"
"Wiberg Cure;Maurine Nafziger;Stanton Devita"
"Beets;Alix Foulser;Reeba Perllman"
"Truffle Cups Green;Bibby Jarmyn;Sibylle Dungey"
"Corn Syrup;Ashlie Vieyra;Huey Dacke"
"Cookies - Englishbay Wht;Riobard Shephard;Concordia Robatham"
"Mustard - Individual Pkg;Rochelle Pepperill;Dacey Dudman"
"Wine - Red; Pelee Island Merlot;Jose Kubala;Yolanda Clutheram"
"Juice - Clamato; 341 Ml;Christiane Christley;Ollie Petkens"
"Napkin White - Starched;Fernando Cardoe;Franni Fenner"
"Beef - Diced;Jennette Barabisch;Bobbye Fragino"
"Nestea - Ice Tea; Diet;Claudina Ascrofte;Christiana Corneil"
"Salmon Atl.whole 8 - 10 Lb;Sherline Mathias;Rustie Markson"
"Liquid Aminios Acid - Braggs;Lucias Redborn;Tessa Gash"
"Wine - Ice Wine;Jamal Bootell;Odette Discombe"
"Soup Campbells - Tomato Bisque;Jacky MacShane;Justinian Kharchinski"
"Rum - Coconut; Malibu;Berke Clive;Marge Scolding"
"Wine - Cava Aria Estate Brut;Amandie Elston;Robenia Bernhard"
"Graham Cracker Mix;Howey Lingwood;Alexis Pinnock"
"Sambuca Cream;Andromache Mackin;Meta DelaField"
"Olives - Stuffed;Adolpho Oxe;Nevile Finnimore"
"Jam - Raspberry;jar;Konstanze Maliffe;Celie Tinker"
"Food Colouring - Pink;Basil Kordes;Corinna Lemmer"
"Lambcasing;Esta Servis;Barbey Grabeham"
"Shrimp - Black Tiger 16/20;Faun Virgoe;Mara Managh"
"Water - Spring Water 500ml;Odie Capon;Verena Peterkin"
"Coriander - Ground;Lane Santora;Prescott Delahunty"
"Lamb - Loin Chops;Marina Vater;Dallas McClure"
"Wine - Pinot Noir Stoneleigh;Shandee Hadley;Thayne Clackers"
"Dried Apple;Phedra Du Plantier;Otto Hirschmann"
"Chicken - Tenderloin;Julian Olivari;Rorie O' Byrne"
"Chips Potato Swt Chilli Sour;Sam Dearnaly;Ortensia Hankin"
"Trout - Hot Smkd; Dbl Fillet;Korney Hows;Almeria Cottel"
"Chinese Foods - Pepper Beef;Jessie Putnam;Gerald Gunter"
"Raspberries - Frozen;Bendick Spickett;Emilee Jelley"
"Beef - Kindney; Whole;Nessi Dorset;Merrill Mont"
"Star Fruit;Devonne Portch;Marten Fugere"
"Smirnoff Green Apple Twist;Flint Coombs;Petrina Staveley"
"The Pop Shoppe - Cream Soda;Keriann Tissell;Pavia Brame"
"Mcgillicuddy Vanilla Schnap;Udall Descroix;Bjorn Waterland"
"Basil - Pesto Sauce;Whittaker Habron;Theresita Woolaghan"
"Ice Cream - Strawberry;Nicole Ebanks;Hadria Awton"
"Appetizer - Spring Roll; Veg;Jeffrey Mundow;Maisie Piolli"
"Broccoli - Fresh;Anny Brokenshaw;Randy Drains"
"Stock - Beef; White;Jodi Earngy;Uriah Pedlar"
"Garbage Bags - Black;Carley Musso;Stefa Skelington"
"Catfish - Fillets;Stepha Treweke;Junie Record"
"Lumpfish Black;Boonie Simchenko;Jenna Hain"
"Garlic - Peeled;Clarice Theze;Grantley Dincke"
"Oil - Safflower;Lyn Webb-Bowen;Isidore Roxbrough"
"Tart Shells - Savory; 4;Allyn Albrecht;Justinn Yesenin"
"Eggs - Extra Large;Carey Van Hesteren;Haskell Guyver"
"Syrup - Pancake;Gayleen Volk;Clarissa Hunnybun"
"Carbonated Water - Wildberry;Hakeem Mattiessen;Betta Caroli"
"Neckerchief Blck;Stepha Simounet;Harriet Falconer"
"Cookie Dough - Chunky;Alistair Esposito;Celeste Anshell"
"Cheese - Brie;Merle Burgwyn;Maudie Themann"
"Lamb Rack Frenched Australian;Leeanne Schiesterl;Adair Morsom"
"Wine - Magnotta - Pinot Gris Sr;Wendy McAlinden;Adore Bygrave"
"Wine - Magnotta - Pinot Gris Sr;Cairistiona Draper;Nanice Turone"
"Brandy - Orange; Mc Guiness;Betty Bidder;Aldin Ditt"
"Wine - Magnotta - Cab Sauv;Zola Adamowitz;Elfreda Cartmel"
"Squid - U - 10 Thailand;Tish Romney;Em Jossel"
"Wine - Crozes Hermitage E.;Kiah Werner;De Jouannisson"
"Oil - Safflower;Billie Yersin;Hedda Stedson"
"Butter - Salted;Jonie Goldstraw;Dael Bolens"
"Mushroom - White Button;Beckie Roles;Rees Aberchirder"
"Nantucket - Orange Mango Cktl;Malanie Amort;Randal Castagne"
"Cheese - Brie;Shena Hobden;Alic Taylo"
"Glaze - Clear;Syd Olanda;Tristan Dumbelton"
"Soup - Campbells Chili Veg;Lorri Tiltman;Cassie Maber"
"Arrowroot;Danell Roelofsen;Jeffy Townsend"
"Rice - Long Grain;Arabela Lealle;Lodovico McCloughlin"
"Table Cloth 144x90 White;Ferdinande Say;Benedikta Revans"
"Turkey Tenderloin Frozen;Yule Aldine;Farleigh Peters"
"Apricots Fresh;Chloe Dignall;Kata Padkin"
"Lemonade - Pineapple Passion;Case Maltman;Olva Santi"
"Cup Translucent 9 Oz;Giusto Goundry;Berke Canland"
"Ecolab Digiclean Mild Fm;Nari McGonigal;Welch Pattillo"
"Oysters - Smoked;Kermy Conibear;Morgen Lorkins"
"Lid Coffeecup 12oz D9542b;Trixy Filippyev;Pammi Sturt"
"Vermacelli - Sprinkles; Assorted;Terri Keays;Katharyn Petrescu"
"Towel Dispenser;Jarid Magor;Michelle Runnacles"
"Cheese - Ermite Bleu;Starlene Mealand;Paxton Jako"
"Beef - Tenderloin;Vittoria Scoular;Noelle Montford"
"Maintenance Removal Charge;Fiorenze Defont;Ealasaid Haydn"
"Straws - Cocktale;Chevy Dovinson;Annalise Methley"
"Cucumber - English;Kile Goosey;Nolie Creer"
"Ecolab - Power Fusion;Vivyan Renney;Jefferey Carberry"
"Bar Mix - Lemon;Cole Labeuil;Butch Gunston"
"Salmon - Atlantic; No Skin;Nissy Van Saltsberg;Evelina Duran"
"Soup Campbells Beef With Veg;Caro Brackpool;Patric Spink"
"Cheese - Swiss Sliced;Pen Cobbin;Lian Wren"
"Mushroom - Chantrelle; Fresh;Kerry Blandamere;Kathlin Bernardeau"
"Muffin - Carrot Individual Wrap;Michal Olfert;Griffith Eldred"
"Container - Clear 32 Oz;Bridie Strike;Cyndy Poon"
"Syrup - Monin - Blue Curacao;Sharlene Morffew;Giacomo Pimme"
"Soda Water - Club Soda; 355 Ml;Ralf Dumphry;Niccolo Gyer"
"Uniform Linen Charge;Barbabra Shoebottom;Lynnea Pasticznyk"
"Milk - 2%;Roselin Laible;Roland Fogarty"
"Jello - Assorted;Curtice Stickells;Sanson Scarisbrick"
"Cocoa Powder - Dutched;Trumaine Bernardin;Gretta Hessing"
"Tomatoes - Roma;Court Rampling;Nerte Betke"
"Chilli Paste; Sambal Oelek;Anselm Burwin;Stacy Emblen"
"Pie Shell - 5;Chelsea Bickle;Jamill Lovell"
"Olives - Black; Pitted;Vicki Godbold;Farrel Lambdin"
"Lamb - Ground;Bartolemo Cribbins;Aeriel Ewert"
"Wine - Chenin Blanc K.w.v.;Wade Cotta;Barthel Blaycock"
"Cookie Choc;Cathrin Camillo;Tomlin Labb"
"Bread - White Mini Epi;Mac Cominello;Elana McArtan"
"Chicken - Diced; Cooked;Andra Newgrosh;Constantin Cranmore"
"Banana - Green;Felicle Gimeno;Blaire Poulton"
"Pepper - Orange;Betta Mowett;Wendel Mielnik"
"Soy Protein;Kore Kohrs;Yelena Gomersal"
"Wine - Red; Mosaic Zweigelt;Libbie Treagus;Hillel Huster"
"Extract - Raspberry;Rory Kynge;Inigo Stracey"
"Filter - Coffee;Nola Basilotta;Kassey Bygrave"
"Salt - Rock; Course;Thomasina Ranken;Mabelle Mendez"
"Beef - Top Butt;Ansley Cornelleau;Robby Westrope"
"Sausage - Chorizo;Venita Pegram;Rodge Ceaplen"
"Towel Dispenser;Merline Bulman;Dian Strangeways"
"Sardines;Florie Byrth;Kirbee MacClenan"
"Wine - Touraine Azay - Le - Rideau;Reggy Cuxon;Marget Artois"
"Tuna - Sushi Grade;Lin Dring;Hetty Soonhouse"
"Bread - Calabrese Baguette;Lorin Blakeman;Dalli Peers"
"Soy Protein;Una Paquet;Betty Djekovic"
"Pepper - White; Ground;Bili Bentinck;Paddie Huyche"
"Beer - Camerons Auburn;Ericka Eburne;Genna Stowell"
"Tamarind Paste;Mitchel Graddell;Carree Alywen"
"Butter - Salted;Peirce Baunton;Annis Swyne"
"Pastry - Baked Cinnamon Stick;Michelina Kynnd;Quintilla Huban"
"Chip - Potato Dill Pickle;Titos Edgler;Carrie Addie"
"Longos - Lasagna Veg;Barnie Galland;Hewet Rubert"
"Pasta - Lasagna; Dry;Timothea Cuckoo;Horatio Sliman"
"Pate - Peppercorn;Cortie Scorton;Carmelle Vassbender"
"Shrimp - 100 / 200 Cold Water;Andra Sandercock;Gilbertina Brunone"
"Cheese - Oka;Maressa Gately;Gannie Telezhkin"
"Yogurt - Peach; 175 Gr;Cornall Ilsley;Hadria Pendre"
"Wine - Domaine Boyar Royal;Cassie Kettoe;Kendra Pitkeathly"
"Nutmeg - Ground;Delmar Simpkins;Daphna Manifield"
"Mushroom - Crimini;Leia Schimon;Jody Davidou"
"Tomatoes - Orange;Yasmeen Turmel;Natividad Hynde"
"Island Oasis - Magarita Mix;Farrah Burg;Shauna Whitland"
"Cabbage - Red;Quill Ayris;Marylynne Brew"
"Chinese Lemon Pork;Harmonia Jillis;Earl Brambell"
"Water - Spring Water 500ml;Andreas Eyam;Olivie Jephcott"
"Cake Circle; Paprus;Joya O'Curran;Alisa Strephan"
"Steel Wool;Nannie Cianni;Tedman Adey"
"Wine - Red; Concha Y Toro;Carri MacConnechie;Lawry Brasner"
"Jicama;Melodie Mingaye;Dreddy Cheeney"
"Lamb - Leg; Boneless;Nanine Bothram;Seamus McIlmorow"
"Paper Cocktail Umberlla 80 - 180;Vittoria Featherston;Annabella Cheeney"
"Soup - Campbells; Cream Of;Jonie Andreasson;Omero Jencey"
"Appetizer - Shrimp Puff;Chico Pettigree;Silvana Wolpert"
"Glass - Juice Clear 5oz 55005;Reese Stuchbury;Mahalia Kinkade"
"Wine - Chablis 2003 Champs;Eveline Sainsbury;Herschel Blodgetts"
"Sauce - Fish 25 Ozf Bottle;Aveline Arnaldi;Atlante Garza"
"Split Peas - Green; Dry;Wallie Gerrish;Godart McCall"
"Table Cloth 81x81 White;Timothee Ferreras;Gennie Parks"
"Mushroom - Porcini Frozen;Seamus Extil;Aida Rentoll"
"Beer - True North Lager;Colly Laycock;Jerrie Eslinger"
"Carroway Seed;Annabal Kleinsinger;Betsey Muckle"
"Rice - Jasmine Sented;Tamarah Najera;Zenia Flecknoe"
"Bulgar;Torrie Whyley;Celisse Cumesky"
"Syrup - Monin; Irish Cream;Salim Latey;Saunder Heintsch"
"Macaroons - Two Bite Choc;Eberto Knipe;Conan Duly"
"Truffle - Peelings;Hesther Rouby;Prue Fairbank"
"Flower - Dish Garden;Jacinthe Beneix;Powell Chaffen"
"Table Cloth 81x81 White;Crystal Leadston;Aguste Leggate"
"Oregano - Dry; Rubbed;Annabelle Palia;Abram Alonso"
"Gherkin - Sour;Umberto Gurg;Emmet Weiss"
"Artichoke - Bottom; Canned;Red Mackney;Ulrick Portch"
"Coffee - Irish Cream;Ardelis Warburton;Eilis Claisse"
"Pork - Smoked Back Bacon;Base Simmen;Ariadne Hetterich"
"Cheese - Goat With Herbs;Cristen Kaley;Walt Newbury"
"Mackerel Whole Fresh;Helaina Mengue;Maudie Gillogley"
"Mushroom - Oyster; Fresh;Harmony Trippitt;Gilly Fussey"
"Truffle Cups - Red;Purcell Lowmass;Thorny Pfeffer"
"Veal - Inside;Ernestine Leftbridge;Sarette Deaville"
"Caviar - Salmon;Gustavus Lowensohn;Terry Domek"
"Container - Clear 16 Oz;Carlene Myers;Ernaline Corss"
"Wine - Rhine Riesling Wolf Blass;Agnella Barrack;Dulcea Bromwich"
"Wine - Alicanca Vinho Verde;Julissa Grigolli;Jesse Moulster"
"Sproutsmustard Cress;Ruth Tryhorn;Camel Flisher"
"Pepper - Chili Powder;Myranda Boggers;Liane Coiley"
"Tomato Paste;Nikita Ucceli;Sanson Ruppele"
"Steampan - Half Size Shallow;Hashim Pepler;Debee Kemetz"
"Appetizer - Southwestern;Leonidas Lafrentz;Arch Southouse"
"Soup - Knorr; Chicken Gumbo;Cristi Izkovitch;Samson Timmermann"
"Orange - Canned; Mandarin;Jeanelle Santarelli;Caren Willisch"
"Petite Baguette;Liana Grouse;Mic Jagiello"
"Trout - Rainbow; Fresh;Trace Littleton;Maurine Uphill"
"Juice - Clamato; 341 Ml;Mathilda Lawlie;Persis Waddingham"
"Wine - Vineland Estate Semi - Dry;Malia Kinton;Tierney Chaudron"
"Pea - Snow;Les Donnison;Jonathan Kiwitz"
"Beans - French;Anneliese Albertson;Essa Sturdy"
"Sole - Iqf;Elton Blincowe;Jessie D'Adamo"
"Pasta - Penne; Rigate; Dry;Claiborne Mitcheson;Remington Lansly"
"Wine - Magnotta - Bel Paese White;Corabella Melonby;Fax McNab"
"Table Cloth 72x144 White;Filbert Mogg;Esmeralda Petrazzi"
"Cookie - Oreo 100x2;Inness Stening;Dennison Litster"
"Cheese - Manchego; Spanish;Evvy Dolle;Leanora Gerler"
"Chinese Foods - Pepper Beef;Dannie Dunkerley;Talbot Gammon"
"Spoon - Soup; Plastic;Brant Fitzsimon;Libbi Gater"
"Mix - Cappucino Cocktail;Katherine Poznan;Bruce Alderwick"
"Cheese - Boursin; Garlic / Herbs;Hershel Chang;Angie Decker"
"Soup - Campbells; Spinach Crm;Lucian Vaney;Kayle Sketcher"
"Oregano - Fresh;Christiana Noquet;Meggi Blown"
"Beans - French;Tandi Sirey;Latrena Jarville"
"Shrimp - 16 - 20 Cooked; Peeled;Karen Figgs;Renelle Luker"
"Rice Paper;Dyana Pontain;Annabal Adolfsen"
"Cheese - Bakers Cream Cheese;Melisse Agget;Zulema Dalton"
"Cheese - St. Andre;Jennee Hussell;Dimitri Knapper"
"Cattail Hearts;Wandis Dossetter;Bord Plewman"
"Higashimaru Usukuchi Soy;Babs Fischer;Rube Levene"
"Seedlings - Buckwheat; Organic;Mirabel McCafferty;Saul Harbert"
"Olive - Spread Tapenade;Ella Meddows;Winfred Kuhnwald"
"Jameson - Irish Whiskey;Jenelle Brecon;Leola Lanney"
"Tomatoes - Grape;Zonnya Wynn;Lisette Lamberts"
"Bread - Malt;Ronny Koopman;Marcello Vel"
"Lamb - Whole Head Off;nz;Debee Rapp;Marlane Halleday"
"Bread - White; Sliced;Claudine Trayes;Aube Gerty"
"Wine - Magnotta - Pinot Gris Sr;Stesha Pietasch;Gordie Rachuig"
"Whmis - Spray Bottle Trigger;Lanni Shailer;Thorpe Bovaird"
"Soup - Campbells Bean Medley;Indira Esselen;Luisa Abbiss"
"Ice Cream Bar - Rolo Cone;Sandra Dalbey;Guthrie Littledike"
"Calypso - Pineapple Passion;Lavinie Grafton;Kerstin Dukesbury"
"Bread - Wheat Baguette;Niki Pococke;Walden Di Maggio"
"Coconut - Creamed; Pure;Chrissy Strelitzer;Leola Cuberley"
"Steampan - Lid For Half Size;Darill Wigfall;Sosanna Pocock"
"Bread - White Mini Epi;Abraham Mohammad;Dru Adair"
"Crab Brie In Phyllo;Samaria Braksper;Elisha Just"
"Olives - Green; Pitted;Gracie Canwell;Martynne Cunrado"
"Wine - Vidal Icewine Magnotta;Denny Scoates;Jemie Sayse"
"Pickle - Dill;Carleen Jickles;Birdie Aynsley"
"Quail Eggs - Canned;Sigismond Burgane;Alice Krabbe"
"Mussels - Cultivated;Braden Dussy;Valma Tythacott"
"Soup - Campbells Beef Noodle;Bertha Adams;Benni Winspur"
"Soup - Campbells Bean Medley;Antonietta Jermyn;Linzy Dulwich"
"Irish Cream - Butterscotch;Arabelle Weatherhogg;Karna Wayper"
"Pears - Anjou;Wain McVitty;Jacquetta Alp"
"Pea - Snow;Reggi Snazel;Freddie Itzhaiek"
"Chocolate - Pistoles; White;Kristoffer Josovitz;Cristionna Summerscales"
"Soup - Knorr; Chicken Noodle;Rhea Jinkinson;Beltran Frays"
"Beef - Tenderloin Tails;Stillman Gristock;Germain Handford"
"Coffee - Flavoured;Maxie Spraging;Arabele Gregine"
"Beef - Baby; Liver;Tate Wyer;Aldis Strafford"
"Muffin Mix - Corn Harvest;Hillel Donkersley;Auberon Gallymore"
"Trueblue - Blueberry Cranberry;Enrichetta Howling;Hendrick Dunsmuir"
"Appetiser - Bought;Adora Yukhnini;Gilberta Ellaman"
"Nut - Pecan; Pieces;Michale Crevy;Fielding Rees"
"Ice Cream - Life Savers;Sissie Meadows;Urban Andraud"
"Mace Ground;Lanna Elgey;Valli Wivell"
"Cabbage - Red;Charlotte Place;Roselia Witherdon"
"Five Alive Citrus;Durand Cocher;Gaspar Tortis"
"Burger Veggie;Linn Masurel;Fionna Janaud"
"Puree - Strawberry;Waiter Pattie;Gus Seeviour"
"Marzipan 50/50;Shara Orneblow;Brook Goldman"
"Container - Hngd Cll Blk 7x7x3;Frederic Goldsberry;Royall Hilling"
"Initation Crab Meat;Lorraine Kenvin;Michaella Hullah"
"Milk - Skim;Jacquelynn Minard;Rheta Defty"
"Cotton Wet Mop 16 Oz;Matt Menis;Rois Arnholtz"
"Pork - Ground;Drud Larwell;Brita Aust"
"Stock - Veal; White;Ursa Isted;Kellen Iffe"
"Wanton Wrap;Marcella Chrichton;Tresa Catonnet"
"Wine - Cave Springs Dry Riesling;Cheston Hurdiss;Elia L'oiseau"
"Flour - Whole Wheat;Margalit Morritt;Colly Dray"
"Long Island Ice Tea;Drucie Brittle;Bennett Lynn"
"Soup - Knorr; Chicken Gumbo;Alvin Baird;Cornela Marner"
"Beef - Ground; Extra Lean; Fresh;Avrit Ayto;Stearne Pluck"
"Potatoes - Peeled;Lauryn Ferraro;Darrell Shakesbye"
"Nantucket Pine Orangebanana;Kiley Josilowski;Jacinthe Squelch"
"Wine - White; Lindemans Bin 95;Siward Kimbury;Peder Pack"
"Tendrils - Baby Pea; Organic;Angeline Jore;Creigh Whittington"
"Syrup - Golden; Lyles;Estella Widdowson;Kelci Dreng"
"Calypso - Black Cherry Lemonade;Elbert Hubbock;Korey Ranns"
"Avocado;Drud Twitty;Claiborn Plante"
"Pork - Suckling Pig;Gaylord Tallquist;Saraann Attew"
"Scallops - 20/30;Kary Howard - Gater;Siffre Errichiello"
"Pork - Back Ribs;Alexina Paulin;Sascha Gauld"
"Juice - Ocean Spray Cranberry;Johannah Brumpton;Errol Dillintone"
"Sauce - Thousand Island;Herbie Adelman;Teador Livezley"
"V8 - Berry Blend;Vivyanne Trenholm;Carilyn Argabrite"
"Wine - White; Riesling; Semi - Dry;Rayna Ramsbotham;Harvey Housley"
"Jolt Cola;Letitia Sheryne;Margie Perle"
"Clementine;Tabbie Briar;Genna MacClenan"
"Bread - Hot Dog Buns;Eolanda Kuscha;Brigit Oates"
"Lobster - Canned Premium;Madalyn Jarnell;Guglielmo Elis"
"Miso - Soy Bean Paste;Aileen Bosche;Venita Maryott"
"Yucca;Clim Martusewicz;Isabel Saing"
"Beans - Fava Fresh;Blondelle Rozzier;Aldin Saddler"
"Initation Crab Meat;Carley Sichardt;Fayth Bleeze"
"Flower - Carnations;Nevsa Bramall;Karoline Barreau"
"Pork - Bacon; Double Smoked;Xylia Hansard;Elsie Hellard"
"Soup - Campbells; Butternut;Valery Beneze;Aile Postin"
"Puree - Blackcurrant;Brandea Duffill;Sandro Pohl"
"Wine - Hardys Bankside Shiraz;Denice Ertel;Gregoire Harbison"
"Steampan - Half Size Shallow;Tiena Coslitt;Tedmund Tetther"
"Red Snapper - Fresh; Whole;Paxton MacEnelly;Melessa Gill"
"Soup - Campbells;Amelie Van der Hoven;Leesa Kennefick"
"Nacho Chips;Cammy Bonder;Rickard Brennon"
"Bread - Burger;Ernestine Hounsom;Aila Rotte"
"Milk 2% 500 Ml;Shermie Durnian;Renato Dulinty"
"Kiwi Gold Zespri;Binni Ellaman;Therine Domaschke"
"Salmon Atl.whole 8 - 10 Lb;Debora Peddersen;Elnar Berresford"
"Olives - Green; Pitted;Deana Norcutt;Tarrance Althorpe"
"Cassis;Jen Writtle;Abbey Sarjent"
"Table Cloth 62x120 White;Shandee Semour;Boigie Caw"
"Cookies - Assorted;Fannie Kilius;Jaimie McPhaden"
"Wasabi Powder;Edmon D' Angelo;Sandy Keuning"
"Worcestershire Sauce;Adda Lepper;Deborah Luc"
"Flower - Leather Leaf Fern;Brit Howieson;Warden Hallex"
"Ham - Procutinni;Trey Hurdis;Haskell Carmody"
"Turkey - Breast; Boneless Sk On;Adan Zorer;Tuesday Percy"
"Tea - Orange Pekoe;Derrick Ilymanov;Brandyn Kleinmann"
"Rolled Oats;Papageno Gopsill;Jenda Cawood"
"Tomato - Green;Dorie Screach;Melantha Dunlop"
"Dehydrated Kelp Kombo;Penrod Marzelli;Des Handmore"
"Lamb - Whole Head Off;Spense Charke;Delilah Houndson"
"Sour Puss Sour Apple;Orelle Hammelberg;Willetta Milburne"
"Pumpkin;Eliot Bonehill;Stephie Wharram"
"Wine - Beaujolais Villages;Lacey Vatcher;Guglielmo Hirthe"
"Snapple - Mango Maddness;Romona Van Cassel;Harley Carberry"
"Vinegar - Rice;Cori Padrick;Brandy Landman"
"Soup - Knorr; Chicken Gumbo;Corinna Charrington;Katharine Staines"
"Lid Tray - 12in Dome;Alfonso Kroon;Allx Backler"
"Muffin Mix - Morning Glory;Shirline Golder;Tim Pervoe"
"Lid - High Heat; Super Clear;Spence Paniman;Ketti Phizaclea"
"Soap - Hand Soap;Evelina Moors;Ody Shippey"
"Veal - Striploin;Tallia Lapre;Linnie Macrow"
"Nescafe - Frothy French Vanilla;Kissiah Chasson;Emmott Favill"
"Spoon - Soup; Plastic;Isabeau Forrestall;Elisha Crossman"
"Oregano - Dry; Rubbed;Henryetta Kettridge;Annice Eynaud"
"Beer - Rickards Red;Latia Ivanshintsev;Brandie Caskey"
"Glass - Juice Clear 5oz 55005;Sidney Cambridge;Elden Widocks"
"Sauce - Caesar Dressing;Julia Greschke;Gibbie Rable"
"Phyllo Dough;Jill Purnell;Dani Huby"
"Doilies - 7; Paper;Beverley Mohun;Massimiliano Augur"
"Wine - Blue Nun Qualitatswein;Elissa Smowton;Innis Backshall"
"Vector Energy Bar;Herman Gert;Raine Tribble"
"Pepper - White; Ground;Freddie Kneeland;Karia Slator"
"Soup - Knorr; Chicken Noodle;Wendel Lieb;Freddy Causbey"
"Sour Puss Raspberry;Lexy Ralling;Wallache Hutchins"
"Pork - European Side Bacon;Liza Nayer;Clint Petasch"
"Nut - Cashews; Whole; Raw;Shurlock Isacke;Marlee Birk"
"Veal - Ground;Sergio Galey;Jeremiah O' Dooley"
"Beans - Soya Bean;Jessi Salterne;Ondrea MacKniely"
"Dried Peach;Agnes Peltz;Heath MacHarg"
"Wine - White; French Cross;Shanda Riccard;Rutledge Greenlees"
"Hummus - Spread;Thorny Firth;Tammi Hopfer"
"Beer - Creemore;Florette Ansill;Orson Street"
"Chocolate - Dark;Britt Tonkinson;Norby Wealleans"
"Macaroons - Two Bite Choc;Genevra Gudyer;Harbert Nesey"
"Lettuce - Romaine; Heart;Rebbecca Frunks;Ronnie Swannick"
"Nantucket - Orange Mango Cktl;Brigham Tale;Franny Abrami"
"Radish - Pickled;Chrysa St. Aubyn;Tailor Pether"
"Table Cloth - 53x69 Colour;Dick Kowalski;Marv Scheu"
"Pumpkin - Seed;Nester Waldren;Willey Dotson"
"Table Cloth 62x114 Colour;Carr Knight;Loraine Klyner"
"Muffin Mix - Chocolate Chip;Kiley O'Gorman;Lefty Larive"
"Croissants Thaw And Serve;Adora d'Escoffier;Susanne Mizzen"
"Flower - Dish Garden;Kali Fausch;Charley Parncutt"
"Wine - Shiraz Wolf Blass Premium;Timmie Vian;Giacinta Assad"
"Pork - Chop; Frenched;Zane Sapp;Tris Epton"
"Wine La Vielle Ferme Cote Du;Randal Lindroos;Fidelio Vail"
"Bar Mix - Lemon;Ardith Scates;Dede Evamy"
"Potatoes - Parissienne;Prince Fergyson;Drugi Hayle"
"Oranges - Navel; 72;Vincenty Dickie;Maddalena Saunders"
"Cocktail Napkin Blue;August Crossgrove;Sampson Lodder"
"Spinach - Frozen;Jake Halt;Rozelle Sainsberry"
"Yoghurt Tubes;Florance Simounet;Perice Itzcak"
"Lumpfish Black;Tony Del Checolo;Brina Knapper"
"Coffee - Ristretto Coffee Capsule;Roxanna Shoubridge;Willey Berridge"
"Lamb - Shanks;Dania Purvess;Suki Dukelow"
"Milk - 2% 250 Ml;Laurianne Huonic;Halsey Gravells"
"Pork - Back; Long Cut; Boneless;Moria Guppy;Verine Wootton"
"Capon - Breast; Double; Wing On;Tyler Buddle;Kendre Tudge"
"Chicken - White Meat; No Tender;Lucine Gillow;Brynne Kirvin"
"Sausage - Breakfast;Isacco Peaddie;Burke Casarini"
"Chocolate Liqueur - Godet White;Konstanze Larby;Ranice Lyfield"
"Oysters - Smoked;Willette Oram;Camala Davies"
"Beef - Roasted; Cooked;Lynea Rustan;Meridith O'Luby"
"Chocolate - Chips Compound;Ashlee Moreman;Dalenna Ruit"
"Coconut Milk - Unsweetened;Dean Bussetti;Babs Pyffe"
"Lettuce - Romaine; Heart;Meier Jewkes;Kari Josowitz"
"Compound - Orange;Stephenie Elflain;Stephanie Briddock"
"Hot Chocolate - Individual;Maxy Ballham;Tuckie Synan"
"Icecream - Dibs;Benedict Danko;Ulrick Mabbott"
"Soup - Beef Conomme; Dry;Christabel Root;Truda Glenton"
"Chocolate - Milk Coating;Reeba Redwood;Loren Paramore"
"Table Cloth 144x90 White;Blinnie Haggata;Fairfax Pepon"
"Shallots;Cecelia Onele;Torrence Huebner"
"Cheese Cloth No 60;Beck Kleinzweig;Tadd Colebourn"
"Beef - Tenderloin Tails;Tansy Laverick;Baxy Dobel"
"Milk - Condensed;Jermayne Lanmeid;Isadora Lees"
"Fenngreek Seed;Gloria Arguile;Rachelle Ebhardt"
"Crush - Orange; 355ml;Albertina Della Scala;Morgana Mindenhall"
"Mushroom - Crimini;Josey Matejka;Kippie Busby"
"Cheese - Brie;danish;Susann Daviot;Shaina Anneslie"
"Pepper - Black; Ground;Antonin Grayling;Nerissa Sturman"
"Potatoes - Idaho 100 Count;Micheal Vaun;Vannie Amiss"
"Tart Shells - Sweet; 4;Mae Stannering;Nathalia Najera"
"Cheese - Montery Jack;Jean Codron;Katuscha Caldaro"
"Wine - White; Ej Gallo;Mirabel Oswick;Millisent Raspel"
"Sausage - Meat;Bianka Viall;Berthe Stidworthy"
"Sprouts - Onion;Huntlee Eagers;Cobby Laydel"
"Oil - Olive;Blondy Hoolaghan;Ilsa Simpkin"
"Tray - 16in Rnd Blk;Xymenes Lowes;Owen Squire"
"Towel Multifold;Lucie Seson;Magdalene Retallick"
"Yogurt - Blueberry; 175 Gr;Maxy Folomkin;Selia Barthelmes"
"Wine - White; Chardonnay;Carny Uccelli;Gaelan Szymonwicz"
"Wine - Magnotta; White;Sandro Benns;Corry Clowsley"
"Flower - Dish Garden;Cristina Caslett;May Verne"
"Galliano;Sara Reimer;Cherice Kroger"
"Tomatoes - Yellow Hot House;Aile Purchon;Tamera Trippett"
"Bread - Hamburger Buns;Laura Ramirez;Gleda Yakunkin"
"Lettuce - Lolla Rosa;Celeste Fripps;Pennie Sommerled"
"Cookies - Englishbay Oatmeal;Kingston MacCleod;Dorian Cowpertwait"
"Yukon Jack;Tades Powder;Trish Storm"
"Muffin - Bran Ind Wrpd;Waylin Wrefford;Nananne Le feuvre"
"Browning Caramel Glace;Bibbie Tratton;Garek Grayshan"
"Ecolab Crystal Fusion;Meg Vignaux;Calv Babber"
"Jam - Raspberry;Kahaleel Sarvar;Hyacintha Woodyeare"
"Waffle Stix;Murielle Haggidon;Charil Goracci"
"Extract - Vanilla;artificial;Carey Arboine;Koral Arndtsen"
"Soup - Campbells - Tomato;Ulrike Rouke;Tailor McBoyle"
"Bread - Pullman; Sliced;Reinold Birdwhistle;Cybil Medlar"
"Chocolate - Dark Callets;Burk McPhillimey;Carver Abeles"
"Tumeric;Adair Senechault;Lancelot Ivashechkin"
"Pork - Loin; Bone - In;Yvon Spinige;Hieronymus Dyneley"
"Peach - Halves;Lena Radeliffe;Karlee Duchart"
"Apple - Fuji;Nathanael Boutell;Jessie Toby"
"Venison - Denver Leg Boneless;Caitlin Spridgen;Davon Clowney"
"Cabbage - Green;Tani Dutch;Bertram Postan"
"Ice Cream Bar - Oreo Cone;Roman Desbrow;Gerry Bromby"
"Wine - Magnotta - Cab Sauv;Pennie Witling;Andriette Orans"
"Glass - Juice Clear 5oz 55005;Carol-jean Barkess;Giacobo Realff"
"Chicken Thigh - Bone Out;Corly Kleinpeltz;Susy Ruffler"
"Water; Tap;Jesselyn Gosselin;Clotilda Picken"
"Soup Campbells Turkey Veg.;Teirtza Scrowton;Nicolea Messenbird"
"Coffee - Decafenated;Betti Garvill;Marj Trenear"
"Table Cloth 62x114 White;Shalne Kittredge;Sonnie Shillam"
"Sauce - Thousand Island;Casie Clancey;Barret Pawling"
"Ecolab Digiclean Mild Fm;Oren Trenouth;Wain Enoksson"
"Nut - Walnut; Pieces;Parrnell Cuttings;Elberta Ringsell"
"Ginger - Crystalized;Trever Dumbleton;Geoffrey MacCartan"
"Pasta - Fett Alfredo; Single Serve;Ingram Stollery;Chet Baswall"
"Clam Nectar;Ferrel Geere;Rosana Berkelay"
"Muffin Chocolate Individual Wrap;Normy Thouless;Alasteir Mongan"
"Pork - Shoulder;Rabbi Simioli;Pia Grouen"
"Wine - Zinfandel Rosenblum;Lucas Shoute;Tam Saura"
"Crackers - Trio;Addy Noar;Alyssa Manston"
"Bread Base - Goodhearth;Mandi Blaschke;Suzette Helstrip"
"Crab Meat Claw Pasteurise;Thorn Cambridge;Raddie Bycraft"
"Campari;Roshelle Pacquet;Oriana Lawrenceson"
"Smoked Tongue;Mose Stean;Isis Gidley"
"Jam - Raspberry;jar;Jammal Strettle;Candida Pawlicki"
"Muffin Mix - Blueberry;Kendell Wooster;Carmella Sculpher"
"The Pop Shoppe - Root Beer;Edythe Treslove;Wini Adin"
"Shrimp; Dried; Small / Lb;Clayson Ventris;Shane Hosten"
"Fennel - Seeds;Desiri Bedinn;Debor Tuting"
"Tomatoes - Roma;Rochester Tabart;Noland Dallender"
"Nut - Cashews; Whole; Raw;Ava Keese;Davidson Ivoshin"
"Lettuce Romaine Chopped;Georgy Boness;Dian Conklin"
"Paste - Black Olive;Joe Simon;Callean Imorts"
"Fireball Whisky;Hall Kenwell;Shurlock Hemshall"
"Pork - Caul Fat;Timothea Tussaine;Marigold Djurdjevic"
"Lamb - Shoulder; Boneless;Gareth Gransden;Udell Smye"
"Macaroons - Two Bite Choc;Belia Gartenfeld;Gianna Dangerfield"
"Soupfoamcont12oz 112con;Tybi Liell;Sidoney Cassin"
"Cheese - St. Paulin;Mendy McKiddin;Alleyn Parcells"
"Bread - Roll; Calabrese;Park Endersby;Iseabal Heimann"
"The Pop Shoppe - Grape;Anne-corinne Upson;Ashbey Ixor"
"Doilies - 7; Paper;Xaviera Gehring;Ruttger Dyball"
"Nestea - Ice Tea; Diet;Aurlie McClune;Bartholomew Bellanger"
"Wine - Jackson Triggs Okonagan;Fran Schutze;Shirleen Bottrill"
"Red Currant Jelly;Alta Gilbey;Jana Bilbrooke"
"Chickhen - Chicken Phyllo;Orel Westpfel;Ferrell Wytchard"
"Soup - Campbells Chicken;Kyrstin Newcom;Michelle Milliere"
"Pepper - Gypsy Pepper;Joanna Southway;Onfroi Hacker"
"Vacuum Bags 12x16;Pierson Caverhill;Kristel Pessolt"
"Ginsing - Fresh;Donnie O'Doherty;Oona Reubel"
"Jicama;Marris MacAindreis;Tiffi Guiel"
"Wine - Barossa Valley Estate;Vittoria Byrd;Bryn Entwisle"
"Praline Paste;Louella Hatje;Celestine Bridges"
"Irish Cream - Baileys;Shaylynn Robillard;Clerc Spurryer"
"Puree - Strawberry;Annelise Heck;Donnamarie Romanski"
"Pail - 15l White; With Handle;Chaddy Hedditch;Arlena Philps"
"Wine - Alicanca Vinho Verde;Brett Cordero;Zara Akid"
"Limes;Jefferey Sharvell;Nollie Milne"
"Beef - Tenderloin;Goldina Girardengo;Marylinda Dadds"
"Sour Puss Raspberry;Codie Gerge;Amerigo Castillo"
"Salmon - Smoked; Sliced;Purcell Harbour;Issy Lemerie"
"Limes;Emanuel Curtain;Brandyn Halworth"
"Wine - Touraine Azay - Le - Rideau;Benedikta Cornwell;Cammy Griniov"
"Syrup - Monin - Passion Fruit;Chilton Bradnocke;Carleen Tollit"
"White Baguette;Millisent Geering;Corry Hannabus"
"Anchovy Paste - 56 G Tube;Jaquenette Spilsted;Molli Easman"
"Hipnotiq Liquor;Gianni Chadburn;Isiahi Figin"
"Wood Chips - Regular;Mischa McGrath;Kenon Amoore"
"Squid - Tubes / Tenticles 10/20;Selina Haller;Keir Beaford"
"Cheese - Sheep Milk;Gaston Bentke;Harley Dresser"
"Sole - Iqf;Emelyne Bolding;Eolanda Danzelman"
"Tray - 16in Rnd Blk;Jamey Laweles;Denna Caine"
"Scallop - St. Jaques;Elyse Halt;Nannette Timbridge"
"White Fish - Filets;Marcos Medling;Cristiano O'Shea"
"Aspic - Light;Kary Mendenhall;Birgit Aymerich"
"Buffalo - Short Rib Fresh;Jammal Simonnet;Maximilian Peedell"
"Pop Shoppe Cream Soda;Jorgan Cornew;Laureen Martinello"
"Pastry - Chocolate Chip Muffin;Briana Maccaddie;Benyamin Vondrach"
"Kiwi;Christie Redholes;Alice Baudain"
"Potatoes - Mini Red;Sterling Wakely;Redd Bruinemann"
"Wine - Ice Wine;Carri Penson;Denise Ingleson"
"Lime Cordial - Roses;Nathanial Larrington;Modestia Klimushev"
"Sausage - Andouille;Tirrell O'Rafferty;Frannie Cheasman"
"Lettuce - Lolla Rosa;Rouvin Drinkel;Richie O'Hagerty"
"Carbonated Water - Lemon Lime;Thaddeus Rushmere;Lemmie Wedgbrow"
"Water Chestnut - Canned;Brenda Gunning;Steffie Dyott"
"Tea - Honey Green Tea;Lutero Winning;Nichol Kingsly"
"Hipnotiq Liquor;Melba Codner;Marion Blinco"
"Snapple Raspberry Tea;Ede Rings;Dew Killingbeck"
"Spice - Onion Powder Granulated;Alissa Thorsby;Nicholle Millson"
"Milk - Chocolate 250 Ml;Luis Taggert;Rudolfo Hensmans"
"Jolt Cola;Temple Goggen;Beitris Haskins"
"Pepperoni Slices;Barbra Houdhury;Hamlin Bram"
"Lamb - Loin Chops;Leonelle Nowell;Perla Dowdall"
"Veal - Insides; Grains;Carey Ryder;Wynn Hellis"
"Egg Patty Fried;Brendon Bollon;Sadye Colbeck"
"Fish - Bones;Bryn Nutley;Thane Gage"
"Oranges - Navel; 72;Dru Grange;Cynthia Di Biagi"
"Rye Special Old;Giustino Martinie;Thorny Sexten"
"Pasta - Spaghetti; Dry;Analise Kinghorne;Aylmer Kerner"
"Beef - Bresaola;Maurise Paviour;Andros Pollendine"
"Mushroom - Shitake; Fresh;Shirleen Benezeit;Decca Pickburn"
"Wine - Barossa Valley Estate;Reg McKeand;Nettle Thunderchief"
"Longos - Penne With Pesto;Janina Pilling;Maximo McManamen"
"Pepper - Pablano;Lorne McNelly;Perice Brockherst"
"Soup Campbells;Donni Giffin;Donnie Gopsill"
"Ecolab Silver Fusion;Teressa Wilbore;Rolf Punton"
"Fish - Atlantic Salmon; Cold;Sinclair Bellenger;Ive Rollitt"
"Chocolate - Liqueur Cups With Foil;Tan Windram;Nikolai Smye"
"Beef - Sushi Flat Iron Steak;Renato Killich;Marnia Pashley"
"Salt - Rock; Course;Mada McKerley;Tamma Folkes"
"Syrup - Pancake;Adella Sate;Myrtle Iowarch"
"Remy Red Berry Infusion;Mellie Kuhwald;Micheline Sisley"
"Bread Base - Toscano;Tatiana Bargh;Josy Monck"
"Cookie Double Choco;Hildegaard Pack;Shanda Ilyinykh"
"Beef - Tenderloin Tails;Pebrook Brammer;Demott Leinthall"
"Wine - White; Riesling; Henry Of;Gibby Vidgeon;Delmer Bostock"
"Lobster - Canned Premium;Ida Jekyll;Joye Gipp"
"Chicken - Whole;Jacintha Dorrell;Scarlet Rostern"
"Oil - Peanut;Aurel Wreath;Barbette Gatman"
"Appetizer - Crab And Brie;Ally Ohm;Hayes Elcoux"
"Wine - Shiraz Wolf Blass Premium;Roosevelt Lopez;Aryn Woolnough"
"Shrimp - 16/20; Peeled Deviened;Obadiah Lints;Angelique Kelloch"
"Pepsi - 600ml;Clyde Hussell;Vitoria Esome"
"Wine - White; Riesling; Henry Of;Jake Kasper;Danna Payle"
"Beef - Bresaola;Tamarah Canizares;Marybelle Rankin"
"Huck Towels White;Brandy Bootell;Ignacio Mabey"
"Cookie - Dough Variety;Curr Rabbitts;Evvy Duthie"
"Chinese Foods - Cantonese;Minerva Potticary;Gaspard Bartholat"
"Cake - Mini Potato Pancake;Shir Giraudot;Thorndike Demangeot"
"Squid Ink;Lyssa Mathevet;Clotilda Scotchbrook"
"Beans - Butter Lrg Lima;Adiana Bloomfield;Tomas Kippins"
"Beef - Striploin;Adela Headan;Gilli Vakhrushev"
"Cheese - Grana Padano;Anabal Irwin;Winnifred Pettigrew"
"Soup Campbells Mexicali Tortilla;Kala Cleynman;Barde Longhurst"
"Bagel - Everything Presliced;Nanine Verzey;Christian Tollet"
"Versatainer Nc - 9388;Van Ollis;Cesaro Malkinson"
"Squid - U 5;Shaun Lindley;Cody Allston"
"Salami - Genova;Josefa Crampin;Wade Merriott"
"Wine - Pinot Grigio Collavini;Mitchael Lampert;Quinton Kettlestringe"
"Ice Cream - Vanilla;Costanza Polak;Dominik Flowerdew"
"Potatoes - Yukon Gold 5 Oz;Chrissy Vaszoly;Vassily Blazewski"
"Truffle - Peelings;Urbano McClements;Bevan Skune"
"Spinach - Packaged;Skip Whitehorne;Hans Klausewitz"
"Wine - Red; Lurton Merlot De;Ammamaria Billam;Ashil Rossoni"
"Dooleys Toffee;Sayres Kinnoch;Oriana Abramino"
"Tart Shells - Savory; 4;Odella Drissell;Lynelle Brahm"
"Apple - Royal Gala;Lombard Wyman;Ekaterina Mourge"
"Juice - Lemon;Saidee Broom;Vita Roddam"
"Truffle - Whole Black Peeled;Onofredo Mathieson;Cully Ferrarini"
"Mace Ground;Elmira Revington;Randolph McCamish"
"Anisette - Mcguiness;Hollis Drever;Elie Orchard"
"Gatorade - Cool Blue Raspberry;Dara Ginnety;Trev Naismith"
"Longos - Chicken Curried;Simon Iori;Calla O'Farrell"
"Salmon Atl.whole 8 - 10 Lb;Andrus Ferryn;Orv Jordon"
"Neckerchief Blck;Hermina Supple;Gabriel Sturgis"
"Lobak;Carolann Ekkel;Avril Bluschke"
"Bread - Roll; Italian;Martin Cabera;Olag Ferbrache"
"Tart Shells - Sweet; 4;Westley Utteridge;Dulciana Denison"
"Maintenance Removal Charge;Hi Grahlmans;Mair Axon"
"Cheese - Provolone;Rockey Mendenhall;Terra Soames"
"V8 - Tropical Blend;Kandy Boast;Colas Guerri"
"Nut - Pine Nuts; Whole;Laura Blues;Sadye Veale"
"Gatorade - Fruit Punch;Drucy Phibb;Hollis Arrighini"
"Versatainer Nc - 8288;Agustin Tubbles;Samaria Dow"
"Silicone Parch. 16.3x24.3;Paddy Pooley;Ezechiel McFaul"
"Rice - Sushi;Nissa Petworth;Bibby Henrot"
"Icecream Cone - Areo Chocolate;Gradeigh Dickenson;Billie Jaskiewicz"
"Bar Mix - Pina Colada; 355 Ml;Cosmo Dowey;Carmine Readshall"
"Garam Marsala;Silvie Yakushkev;Aeriell Sipson"
"Liqueur - Melon;Katya Orlton;Clim Tomaello"
"Shrimp - 16/20; Peeled Deviened;Kaine Dincey;Barnett Danilchik"
"Carbonated Water - Wildberry;Boony Tithecote;Phillida Dinnies"
"Lime Cordial - Roses;Zandra Totaro;Nicolis Philson"
"Spice - Paprika;Obadiah Latch;Dara Bent"
"Taro Leaves;Delmar Baudinelli;Zachery Pedwell"
"Cookie Dough - Peanut Butter;Monti Inman;Karita Leah"
"Basil - Seedlings Cookstown;Winny Soitoux;Camilla Ness"
"Bread - Corn Muffaletta;Dawna Swithenby;Aluino Dron"
"Table Cloth 90x90 White;Delmore Braikenridge;Genny Rammell"
"Beans - Fava; Canned;Antin Fitton;Phoebe Pashby"
"Worcestershire Sauce;Hynda Hickford;Maurizio Sadlier"
"Yogurt - Peach; 175 Gr;Virgil Mandifield;Cooper Andretti"
"Jam - Raspberry;jar;Harmonie Champkin;Robers Eusden"
"Nut - Hazelnut; Whole;Noe Dunseath;Krystle Twinn"
"Eggplant - Regular;Raymund Serraillier;Anica Draisey"
"Sauce - Alfredo;Ansell Chiles;Lorant Tomsen"
"Wine - Magnotta - Bel Paese White;Audra Staker;Angela Feron"
"Evaporated Milk - Skim;Aloysius Grigore;Harrison Dupree"
"Cocoa Feuilletine;Ynes Conws;Kyrstin Mastrantone"
"Bread - Pumpernickle; Rounds;Hynda Peter;Shina Curry"
"Vermouth - Sweet; Cinzano;Howard Zemler;Chandra Habron"
"Syrup - Monin; Irish Cream;Beckie Copper;Saunderson Corps"
"Energy Drink;Sollie Rash;Christy Delahunt"
"Broccoli - Fresh;Brigid Deeprose;Nada Matchell"
"Vinegar - Balsamic;Donal Jillett;Mavis Barks"
"Cheese - Gouda;Vonni Paul;Lancelot Meert"
"Bread - Dark Rye;Yankee Samples;Alfonso Tomaskov"
"Table Cloth 62x114 White;Norton Doerr;Krystle Worthington"
"Bar - Granola Trail Mix Fruit Nut;Jeannine Manes;Tremain Curson"
"Cheese - Brie;Rodd Tomblings;Chaddy Wakeham"
"Basil - Seedlings Cookstown;Gerrilee Lapwood;Aleksandr Joseph"
"Chinese Foods - Thick Noodles;Teodor Vidineev;Lauren Jonuzi"
"Beans - Fava Fresh;Pernell Ranger;Kat Fallow"
"Hot Chocolate - Individual;Mahalia Twittey;Spense Matokhnin"
"Lettuce - Treviso;Freeland Blakey;Lela Lawley"
"Flour - Semolina;Chandler Pettegree;Terry Siggens"
"Fish - Scallops; Cold Smoked;Lorenza Bonifant;Kirby Bucher"
"Salt - Sea;Urbain Gathercoal;Kimbra MacGauhy"
"Wine - White; Cooking;Cindie Grinsdale;Angelle O'Fihillie"
"Juice - Tomato; 48 Oz;Chic Dimmne;Gustaf Varga"
"Pork - Tenderloin; Fresh;Murial Lanegran;Andrej Elion"
"Cognac - Courvaisier;Alfy Quilliam;Tammy Dods"
"Chinese Lemon Pork;Terencio Sneezem;Marlin Cortese"
"Oil - Truffle; White;Ruthi Grayne;Moreen MacNally"
"Appetizer - Smoked Salmon / Dill;Phyllis Lynnett;Catherine Thornally"
"Steam Pan - Half Size Deep;Jojo Tonna;Harland Baff"
"Wine - Malbec Trapiche Reserve;Colan Gosnoll;Adelle Girardoni"
"Pork - Ham Hocks - Smoked;Leslie Blase;Ninette Irlam"
"Nut - Almond; Blanched; Sliced;Kenneth Lerhinan;Megan Benneyworth"
"Mushrooms - Black; Dried;Thurston Fritz;Fernande Doogue"
"Sugar Thermometer;Misha Daudray;Merry Corck"
"Artichoke - Fresh;Trumaine Postill;Fern Mitrikhin"
"Ecolab Silver Fusion;Jacklin Kores;Henrieta Klagges"
"Sausage - Breakfast;Halie Mariot;Yetta Nansom"
"Longos - Chicken Wings;Rene Lawly;Anitra Yate"
"Capers - Pickled;Cindy Allworthy;Errick Josefowicz"
"Quinoa;Drucy Moynham;Daniel Egle of Germany"
"Sauce - Hollandaise;Maynard Strothers;Frederic Lonsdale"
"Cornflakes;Aguie Ferran;Nanny Hayzer"
"Steam Pan - Half Size Deep;Stan Hush;Wilbert Wane"
"Wine - Red; Mouton Cadet;Miguel Hazlehurst;Adolf Pavlovic"
"Ham - Procutinni;Portie Philipp;Hasheem D'Emanuele"
"Spice - Onion Powder Granulated;Trish Read;Mick Piris"
"Lobster - Live;Norton Colleymore;Melvin Gosson"
"Green Tea Refresher;Sawyer Livesley;Pryce Sympson"
"Ecolab - Hobart Upr Prewash Arm;Adel McVey;Lindon Fitt"
"Nori Sea Weed;Ertha Samples;Findley Colaton"
"Kirsch - Schloss;Wren Antonchik;Pamella Flieg"
"Vinegar - Champagne;Phillida Beastall;Reeba Belli"
"Soup Campbells;Ursulina Nurcombe;Darsie Ackenhead"
"Pasta - Spaghetti; Dry;Augustine Hardinge;Renaldo Shirrell"
"Brandy Cherry - Mcguinness;Eliot Mouth;Rafael Dodge"
"Pork Casing;Georgie Packham;Nicoline Dingle"
"Milk - Buttermilk;Perrine Mayger;Franklin Remirez"
"Wine - Casablanca Valley;Barret Cords;Hilda Greenley"
"Bananas;Hewitt Prewett;Eryn Edie"
"Yogurt - Raspberry; 175 Gr;Lionel Taberner;Jereme Irce"
"Mushroom - Enoki; Fresh;Carleen Trobridge;Anissa Sexton"
"Tart - Lemon;Arri Kidd;Lonny Crowhurst"
"Skewers - Bamboo;Cristy Howison;Dyanna Shrieves"
"Beer - Corona;Channa Crossman;Jennifer Follis"
"Milk - Chocolate 250 Ml;Merill Kubu;Sally Bikker"
"Pastry - Plain Baked Croissant;Darnall Broomhall;Nollie Gough"
"Juice - Cranberry 284ml;Rancell Richardsson;Nani Heinsen"
"Nut - Walnut; Pieces;Ashla Pennell;Valentina Swaden"
"Beef Dry Aged Tenderloin Aaa;Skipton Barsby;Pegeen Nisby"
"Onions - Pearl;Orlando Gisby;Ely Swift"
"Cotton Wet Mop 16 Oz;Lorne Bowcher;Lonnard Shawl"
"Lamb - Whole Head Off;Benjy Jore;Sheree Waldock"
"Toamtoes 6x7 Select;Ada Whiteford;Misty Consadine"
"Brownies - Two Bite; Chocolate;Michaelina Forman;Grantley McEntegart"
"Cheese - Wine;Freeman Gohn;Bride Drew-Clifton"
"Cheese - Mozzarella;Tyson Harborow;Octavius Deacock"
"Onions - Red Pearl;Ingeborg Groarty;Noach Blackstock"
"Extract Vanilla Pure;Friederike Seegar;Krishna Domegan"
"Sobe - Tropical Energy;Ruperta Gooke;Romonda Cisland"
"Cookies - Fortune;Hendrik Donneely;Halsy Dow"
"Eggplant Oriental;Jamie Mulvenna;Kaspar O'Flynn"
"Icecream - Dstk Strw Chseck;Maurizia Saby;Pace Sansum"
"Plate - Foam; Bread And Butter;Fanechka Yearnsley;Sharline Tremolieres"
"Vacuum Bags 12x16;Cobb Tanti;Mae Pevreal"
"Juice - Orangina;Petronille Caldeiro;Miriam Gibling"
"Pork - Kidney;Cleve Pearne;Clark Broxton"
"Currants;Eliza Darko;Denni Cassely"
"Pork - Loin; Bone - In;Annabela Cotterrill;Jakob Vanderson"
"Pur Value;Tana Maybury;Marji Jarville"
"Muffin - Mix - Bran And Maple 15l;Pearle Stronghill;Arlene Spieght"
"Sole - Fillet;Amabel Braben;Bearnard Downs"
"Wine - Port Late Bottled Vintage;Jordana Cushelly;Eleanora Mingey"
"Red Cod Fillets - 225g;Shara Mackrill;Demetre Russe"
"Cookies - Englishbay Wht;Christyna Ralston;Lonni Ivashkov"
"Mushroom - Porcini; Dry;Gannon Pavelin;Gal Gayne"
"Sprouts - Peppercress;Ban Purver;Westbrook Paulet"
"Cake - Dulce De Leche;Louie Fealty;Xenos Scothorn"
"Lighter - Bbq;Kingston MacGilrewy;Jeffie Vitte"
"Jicama;Mozelle Featherstone;Johna Inmett"
"Wine - Barolo Fontanafredda;Anallese McGlue;Ivett Dalwood"
"Pork - Back Ribs;Pearl Shepherd;Ingeberg Allner"
"Beans - Turtle; Black; Dry;Gerianna Olivet;Edan Lawton"
"Mushroom - Shitake; Dry;Lelia Waggatt;Zollie Elkin"
"Spinach - Packaged;Colver Flieger;Walt Chenery"
"Pasta - Penne; Lisce; Dry;Clare Dundendale;Emalia Leeder"
"Bread - Italian Corn Meal Poly;Ina McPartlin;Zea Harcarse"
"The Pop Shoppe Pinapple;Giselle Kobisch;Shani Hickford"
"Latex Rubber Gloves Size 9;Ole Boat;Florry Aspinwall"
"Wine - Periguita Fonseca;Ibrahim Scartifield;Gaile McAirt"
"Lentils - Red; Dry;Chrotoem Kyles;Dan Tellenbrok"
"Rappini - Andy Boy;Garfield Peddar;Imogen Micah"
"Pastry - Choclate Baked;Viki McLane;Maurine Luckin"
"Dried Figs;Pattin De Vaux;Ford Briat"
"Lotus Rootlets - Canned;Aimee Dearlove;Konrad O'Codihie"
"Chicken - White Meat; No Tender;Lucie Teanby;Rowan Benardeau"
"Filo Dough;Benedikt Dudderidge;Florry Schober"
"Cheese - Goat;Curr Ovanesian;Sianna Hallmark"
"Pears - Bartlett;Georgiana Lynds;Katha Eisenberg"
"Chocolate Eclairs;Zora Lindores;Reeva Mangion"
"Squash - Sunburst;Linnell Avrasin;Emmalyn Kollaschek"
"Pork - Suckling Pig;Evey Abbey;Nicky Azam"
"Pork - Butt; Boneless;Langston Baroch;Pauli Sleeny"
"Sobe - Cranberry Grapefruit;Corly Beckey;Mariska Nicolls"
"Praline Paste;Daisi Brumbie;Serene Sywell"
"Wine - White; Ej;Hulda Chedgey;Maryanna Piscopello"
"Wine - Prosecco Valdobienne;Ransom Lefeuvre;Killy Illem"
"Yoplait - Strawbrasp Peac;Adrianna Halls;Marketa Perham"
"Cheese - Le Cheve Noir;Farrell Mc Menamin;Anna-maria Arnecke"
"Garlic Powder;Dougy Sugden;Eleni Heinish"
"Soup Bowl Clear 8oz92008;Monty Strange;Lalo Duns"
"Table Cloth 53x69 White;Amye Lancett;Wanids Cominello"
"Lychee;Brent Squibe;Free Vlasenkov"
"Beans - Yellow;Hallie Scholtis;Jabez Moubray"
"Tabasco Sauce; 2 Oz;Myrtice Hewes;Peirce Pentecost"
"Garbage Bags - Black;Velma Kisbey;Rafaela Serot"
"Evaporated Milk - Skim;Oswald Uttridge;Winonah Greveson"
"Seedlings - Clamshell;Nickolas Drinkeld;Ashlie Merryman"
"Grapefruit - White;Adoree Gallico;Moyna Nuccitelli"
"Hand Towel;Orin Leighton;Daryl Grindell"
"Passion Fruit;Nanny Rugieri;Gretchen Tatterton"
"Creme De Menthe Green;Darrel Ghest;Estel Greggersen"
"Wine - Red; Colio Cabernet;Othello Hofler;Karola Bellocht"
"Bread - Flat Bread;Anna-diana Prescott;Lefty Downs"
"Wine - Magnotta - Cab Franc;Aarika Allderidge;Moise Kornes"
"Beef Striploin Aaa;Bibbie Enstone;Miriam O'Farris"
"7up Diet; 355 Ml;Lorrie Pickin;Riley Symmons"
"Bread - Roll; Whole Wheat;Yoshiko Ivashinnikov;Claudell Pierrepoint"
"Pork - Butt; Boneless;Muhammad Bampton;Dominga Sivewright"
"Chocolate - Milk; Callets;Windy Beecraft;Cami Hindmore"
"Syrup - Monin - Passion Fruit;Rivalee Wix;Jen Sirr"
"Whmis Spray Bottle Graduated;Vinni McAmish;Leonid Simmins"
"Plasticforkblack;Jorey Attawell;Alethea McAllister"
"Beef - Tenderloin Tails;Upton Ferguson;Melania Pawson"
"Rice - Basmati;Richie Tidmas;Winne Behrendsen"
"Broom - Push;Zebulon McCambridge;Jenilee Conaghy"
"General Purpose Trigger;Bryon Abela;Feliza Beaves"
"Olives - Kalamata;Guenevere Setter;Rodi Caesmans"
"Island Oasis - Mango Daiquiri;Ariella Bastard;Timothee Paudin"
"Pasta - Ravioli;Cairistiona Lynds;Pasquale Tryme"
"Fiddlehead - Frozen;Niall Ghelardoni;Shelia Ahrenius"
"Wine - Lamancha Do Crianza;Darwin Chadburn;Floyd McCool"
"Vodka - Hot; Lnferno;Gertie MacDiarmid;Curry Mattessen"
"Extract - Vanilla;artificial;Caril Jehaes;Helyn Rabjohn"
"Numi - Assorted Teas;Shanna Mouton;Gilles Karran"
"Soup - Campbellschix Stew;Virginia Philpott;Pearce Trathan"
"Graham Cracker Mix;Inesita Laba;Brenden Ruby"
"Sorrel - Fresh;Denni McGoogan;Patty Bisiker"
"Pepsi - Diet; 355 Ml;Herman Healings;Tandie Harower"
"Hipnotiq Liquor;Frederique Collingham;Wendy Tootal"
"Shrimp - 31/40;Shanon Lawn;Roda Dewen"
"Bread - Crumbs; Bulk;Guillermo Merredy;Waylin Ashforth"
"Chef Hat 20cm;Alphonso Daville;Keefer Purple"
"Pastry - Apple Large;Nev Jenik;Noll Tebbit"
"Puree - Mango;Janek Byrne;Lawrence Whitten"
"Chocolate - Milk Coating;Harper Berzins;Bethena Brocklehurst"
"Ham - Black Forest;Weidar Pasley;Saul Goaley"
"Lid - High Heat; Super Clear;Hurley Cunnington;Sid Gartery"
"Honey - Comb;Falkner Barriball;Dougie Radley"
"Pickle - Dill;Fax Domenichelli;Kenton Blazej"
"Wine - Shiraz South Eastern;Jarib McCandless;Craggie Betonia"
"Cake - Miini Cheesecake Cherry;Marsiella Legendre;Orelle Wedderburn"
"Black Currants;Dedra Boxer;Gwyneth Eard"
"Wine - White; Concha Y Toro;Kelley Olcot;Tracee Sharvill"
"Cherries - Fresh;Orelee Brouncker;Byrom Melonby"
"Bread - Mini Hamburger Bun;Kevin Balstone;Clement Sherrock"
"Truffle Cups - Red;Yancey Demougeot;Giulietta Tolchar"
"Breadfruit;Erna Daniels;Vivyanne Potebury"
"Parsnip;Les Larkworthy;Felice Shelford"
"Bagel - Whole White Sesame;Omar Osmar;Odelinda Fillon"
"Tilapia - Fillets;Jacklin Graalman;Cora Garrud"
"Chips Potato Reg 43g;Bobbette Ruscoe;Zahara Eddowes"
"Water - Mineral; Natural;Arvy Merrgan;Ches Abrahim"
"Veal - Sweetbread;Auberta Tabram;Juliana Dagon"
"Bread - Onion Focaccia;Lauretta Lerwell;Kate Durand"
"Table Cloth 54x54 Colour;Aylmer Hazelgrove;Broderick Brunsden"
"Flour - Teff;Gaye Itzkovich;Cleo Mithun"
"Dill Weed - Dry;Roselle Juppe;Beth Gelsthorpe"
"Shark - Loin;Vidovik Swinn;Margaux Binns"
"Radish - Pickled;Brittan Mainwaring;Khalil Hendin"
"Coffee - Beans; Whole;Crissy McGing;Jeanne Remnant"
"Nantucket - Pomegranate Pear;Lou Colthurst;Wyatan Monckton"
"Shrimp - 16/20; Iqf; Shell On;Denice Abbotson;Egon Mogford"
"Cookie Dough - Chocolate Chip;Ralf Berens;Biddy Guilliatt"
"Oil - Coconut;Robby Stirton;Eadmund Michal"
"Pail For Lid 1537;Carilyn Bundey;Livvy Vasilic"
"Lentils - Green; Dry;Zulema Snowsill;Boris Joseff"
"Sobe - Tropical Energy;Briana Stickings;Tobias Boswood"
"Beef - Flank Steak;Rachael Lorrie;Tina Ouver"
"Juice - Happy Planet;Jimmy Lobe;Lou Copeland"
"Soup Campbells - Italian Wedding;Shelley Constable;Lolly Gawthorp"
"Cassis;Wallie Po;Bartel Lantaff"
"Turkey - Oven Roast Breast;Shay Willerstone;Brew Dowsett"
"Lettuce - Red Leaf;Julie Ellins;Al Zimmermeister"
"Cabbage Roll;Melinda Boston;Romola Horsefield"
"Ecolab - Medallion;Shelley Bellringer;Marys Cavee"
"Vinegar - White;Kiri Kloser;Kaylil Bryett"
"Wine - Red; Black Opal Shiraz;Milli Stockings;Allin Fothergill"
"Milk - 2% 250 Ml;Purcell Hyne;Bari Sier"
"Vinegar - Sherry;Tracey Adamides;Rozella Simonnin"
"Pork - Ham Hocks - Smoked;Gisela Rodge;Mirilla Tyer"
"Shark - Loin;Maris Douthwaite;Ebonee Martinat"
"Chocolate - Milk Coating;Cher Jent;Allyn Cadreman"
"Dill - Primerba; Paste;Maryjane Dufore;Cymbre Sweetnam"
"Cheese - Le Cheve Noir;Mathilda Doddrell;Audie Todarello"
"Star Anise; Whole;Liv Grocutt;Gradeigh Sasser"
"Carbonated Water - Raspberry;Kathryn Vasyutichev;Beltran Jain"
"Yukon Jack;Heda Teasdale;Lin Pankettman"
"Apricots Fresh;Malcolm Kubasek;Norry Ripley"
"Bread - Multigrain; Loaf;Shirlee Huleatt;Arleyne Breward"
"Raisin - Golden;Athene Rainey;Gale De Domenico"
"Veal - Insides; Grains;Gerry Thurborn;Elaina Seide"
"Rum - Mount Gay Eclipes;Crin Harrower;Kelcey Grocutt"
"Carbonated Water - Strawberry;Natal Pucker;Cecilla Dyball"
"Capicola - Hot;Roddy Stanlike;Lorrin Stamps"
"Calypso - Lemonade;Rebekah Flicker;Maurine Conyer"
"Mince Meat - Filling;Norbie Hemphrey;Consolata Chillcot"
"Potatoes - Yukon Gold 5 Oz;Ware Petrovic;Dore Pyke"
"Chocolate - Semi Sweet; Calets;Lorens Shury;Josy Jerwood"
"Apples - Spartan;Frazier Gaudin;Erinna Bonin"
"Ham - Cooked Bayonne Tinned;Dody Hendren;Linea Sennett"
"Scallop - St. Jaques;Con Galle;Alonzo Nutting"
