"name;last_name;id;userName;password"
"Phoebe;Fosdyke;63155107;pfosdyke0;X99NCu2K1wW"
"Anthea;Fritschmann;15254158;afritschmann1;ZG4sLKeq"
"Betti;Lehrmann;67214371;blehrmann2;CDxHPDc"
"Joshua;Baynham;49548320;jbaynham3;Nrq1BVBu"
"Leoline;Diffley;59531862;ldiffley4;BGnhIMBV5t0"
"Hunt;Janas;45616102;hjanas5;wizF1UZISEH"
"Kalie;Mauser;54191532;kmauser6;ZnDfLE"
"Gareth;Eixenberger;37581852;geixenberger7;4f85aoJ9iME"
"Jerrome;Cordelet;30961276;jcordelet8;JYIgcWV2u"
"Esteban;Dain;63537863;edain9;RDJPJD6Du1F"
"Johnny;Traylen;613078;jtraylena;wQyN5T"
"Candy;Runnalls;25681513;crunnallsb;mJx6hu"
"Leda;MacLucais;94966704;lmaclucaisc;go6wK1l3L6O6"
"Hanni;Slorach;46738921;hslorachd;xNHLs0c"
"Gretta;Klimczak;52625049;gklimczake;tEbT02w49Cg"
"Joell;Vizor;25904381;jvizorf;dnD4AgdgTF2"
"Sapphira;Alebrooke;59904587;salebrookeg;DJhEIV"
"Elie;Kinkaid;12745045;ekinkaidh;8Bb8owO"
"Anselma;Deware;14078729;adewarei;OGoUSEE"
"Helenka;Moubray;80838056;hmoubrayj;3KOwup2"
"Hurleigh;Matiewe;63699762;hmatiewek;ABTzZGC"
"Aeriel;Elvidge;61380643;aelvidgel;Slv2Qzk"
"Stavros;Curness;72027140;scurnessm;mWKnB7vZbkNo"
"Pierrette;Danilovitch;4011161;pdanilovitchn;2gZcCDTGDnf"
"Lyn;Thurber;28959729;lthurbero;Q2u76gYeDHA"
"Scotti;Rookwell;57472172;srookwellp;4Bxgf5LN0hQ"
"Bernhard;Braunlein;37769439;bbraunleinq;Vvp70Yi3s"
"Cherey;Cutmore;69021650;ccutmorer;5S3rgsq"
"Margot;Pottberry;88883292;mpottberrys;LWqOqOtA3YSk"
"Jobey;Mence;31749256;jmencet;RoCqM96"
"Leanor;Moro;9153326;lmorou;ZDU0kh9s7"
"Garth;Bragginton;70365635;gbraggintonv;yaZzcn"
"Skell;Sandilands;11725360;ssandilandsw;qbySOGot"
"Creighton;Fleischmann;46156270;cfleischmannx;bOrClM"
"Eliza;Oley;92404288;eoleyy;bUzryhRC9elk"
"Vassili;Chrichton;17345516;vchrichtonz;mZ6VYZ8"
"Clea;Thaller;73774467;cthaller10;xEXpBdq7"
"Vinnie;Garstan;75614880;vgarstan11;IdIYX4ck1fd"
"Sharity;Gierke;48209873;sgierke12;BjMKFTVqNmNC"
"Stella;Giacomi;95216403;sgiacomi13;6My2kBQMh"
"Rivi;Cullinan;79758119;rcullinan14;UUC51FKLxsIx"
"Dayle;Pollett;13733399;dpollett15;ZcOLGdH"
"Farris;Raddenbury;75850301;fraddenbury16;NDOjBld"
"Shermy;Pugsley;4545208;spugsley17;iyyk2Rn"
"Saundra;Wescott;67592224;swescott18;TvpS1OuF"
"Way;Rich;41966836;wrich19;9LCjao3zdqbZ"
"Sybil;Westhead;96076115;swesthead1a;yHPKiJem"
"Merci;Pude;50892770;mpude1b;utKB9BT"
"Verge;Moylane;10594146;vmoylane1c;XhktTeNbFqn"
"Zared;Stavers;33239302;zstavers1d;IT3A0P"
"Ursulina;Seagrave;71016293;useagrave1e;m212Zs"
"Erastus;Libbe;91206080;elibbe1f;MUY6dTwpK"
"Peggi;Endon;30700676;pendon1g;cfk8THD7HYg"
"Herbert;Baford;89149179;hbaford1h;BZmqFml6XFC"
"Tobe;McCleverty;14780229;tmccleverty1i;XXa0n1nhQ"
"Aloisia;Downgate;52729359;adowngate1j;3ooZmsgj3zKC"
"Osgood;Dengate;82117154;odengate1k;Ub6TuH5K3"
"Meta;Harse;84317394;mharse1l;oxVM5x5y"
"Olia;Kubala;25657672;okubala1m;KwDubyK"
"Lorri;Whittles;93496772;lwhittles1n;8mu8tcDGk5"
"Casie;Brager;16659504;cbrager1o;sXMjfz"
"Fawne;Wrey;87523051;fwrey1p;7rDqFLcV"
"Ethelred;Finnigan;72697601;efinnigan1q;4kO7LlmAIlr"
"Carter;Cass;19498188;ccass1r;y81l5syn27O"
"Osborne;Puttrell;11038611;oputtrell1s;gCl7KW"
"Pennie;Crumbleholme;64333764;pcrumbleholme1t;mSffsU34CQLU"
"Beret;Hryniewicki;8883494;bhryniewicki1u;vIBS3mms"
"Rodolph;Beccles;97383222;rbeccles1v;4T08FOYe"
"Barnie;Pickhaver;48636282;bpickhaver1w;ybRVZFdA0B"
"Constantine;Beirne;64815966;cbeirne1x;4RHGG45nTQO"
"Berthe;Cleaves;70762352;bcleaves1y;3BO9bIkNTpgD"
"Joycelin;Robroe;54834030;jrobroe1z;1ywytHb"
"Suzanne;Grenville;24481687;sgrenville20;bPsYzvXb"
"Tina;Shelsher;74101538;tshelsher21;ZHRWVhl"
"Clywd;Duffus;53771878;cduffus22;ruVa7o"
"Barbaraanne;Gopsell;78963536;bgopsell23;eKq4Eb3ycp"
"Mufinella;Massow;43384527;mmassow24;IoklbwilgXGR"
"Rachael;Powelee;47776924;rpowelee25;oik0m58dgI1p"
"Sophie;Coupman;28901045;scoupman26;pYiJR5ruMY"
"Lissy;Cadlock;68405672;lcadlock27;eBphkT8xcDJJ"
"Danya;Piel;42955489;dpiel28;DqsNdDW"
"Xylia;Jimmes;1311377;xjimmes29;WxbNDMigJp"
"Maggy;Turville;51515742;mturville2a;eM7VuSS"
"Brittany;Evetts;47447106;bevetts2b;Pq6DScVC"
"Tome;Sotham;25931978;tsotham2c;Lcgj4GIS0"
"Marilyn;Sharram;99032822;msharram2d;rl2QO5yB6"
"Alta;Castellucci;63146533;acastellucci2e;LX5jzoEE8kB"
"Noel;Poplee;67358883;npoplee2f;NCw15xs"
"Enrico;Tarplee;26252797;etarplee2g;K9VucXRY"
"Thebault;Ubsdale;83304364;tubsdale2h;8T7VtnLSg"
"Lila;Coniam;77646485;lconiam2i;jYqDJJk50G4"
"Theodora;Bonniface;84608764;tbonniface2j;zlaPSsz"
"Lesly;Blumson;21595564;lblumson2k;wMdp9AJY"
"Rodina;Glasbey;55699037;rglasbey2l;9VHbVm7"
"Waylen;Harral;85623547;wharral2m;3YaWuNMOE2v"
"Sherlock;Pearn;1172047;spearn2n;IRK2xi"
"Donia;Crowson;10580132;dcrowson2o;diWHUmFsn06F"
"Alfie;Wisdish;8402693;awisdish2p;esgEoWSeZTt8"
"Avie;Walisiak;21264643;awalisiak2q;9mX2zq7"
"Elaina;Mateiko;59155475;emateiko2r;z2T9SK"
"Aurora;Schubert;62098333;aschubert2s;IwBA2MOm"
"Bart;Hartly;65412066;bhartly2t;Z27RUvNtVN"
"Elyn;Normanville;41735018;enormanville2u;WvPUlLwRi"
"Gaylord;Amberson;71551325;gamberson2v;knTNQD"
"Ranice;Dunstone;14934720;rdunstone2w;gM9bYsB8"
"Jessie;Duchasteau;38052046;jduchasteau2x;42pVZjD"
"Nataline;De Paoli;17200020;ndepaoli2y;FBNeuK"
"Averyl;Slimings;17633709;aslimings2z;9VBZtZ2bHCV"
"Emanuele;Puxley;64422614;epuxley30;ZSj9LOOfbH"
"Conney;Buckingham;56798043;cbuckingham31;CrYgSz5NkYFP"
"Leta;Simenon;31734636;lsimenon32;Z5P29FenWEOD"
"Mireielle;McCraine;20499489;mmccraine33;tLQ8ngX"
"Margret;Braidman;74040016;mbraidman34;KzLh8zy1TRX"
"Jone;Temperton;44961997;jtemperton35;5kAp6aNs3huj"
"Nataline;Lenham;86553318;nlenham36;Cdz3sADvBEyb"
"Germayne;Thomazin;12083530;gthomazin37;hcwaRf"
"Emmy;Upstell;99377355;eupstell38;TlwlHKze"
"Jobi;Lording;1429823;jlording39;ULfWjcgBQ"
"Ernaline;Minifie;99106268;eminifie3a;gHnNRb3EPSUZ"
"Jule;Jimson;79483869;jjimson3b;DR6yrJ"
"Serene;Ireson;35759469;sireson3c;ZUFYYvr3T"
"Garfield;Barley;2534902;gbarley3d;U8ZCJq"
"Winny;Helis;43182425;whelis3e;ZpWJkxWn"
"Chico;Tomlins;13461978;ctomlins3f;eQ9qBGdLqL"
"Valenka;Matuszynski;43268099;vmatuszynski3g;UqprYj"
"Robbert;Presland;69770383;rpresland3h;xwtaRaIC"
"Georgeta;Hourihan;21047578;ghourihan3i;hIDgic6gtKuy"
"Kala;Quarry;64903171;kquarry3j;OJgQ53l"
"Claudell;Hallgate;32901457;challgate3k;UBwthmHo"
"Dru;Grono;18979750;dgrono3l;BzaiNJ"
"Renelle;Aleshintsev;10202813;raleshintsev3m;2OziRL80"
"Sylvia;Kop;92294229;skop3n;CjHARTo4"
"Bobbie;Giovanizio;52840272;bgiovanizio3o;wWQNnZzf8"
"Tomasine;Silverson;79519303;tsilverson3p;FEKYKh1gH"
"Marita;Bigland;82193186;mbigland3q;bJ7nZb"
"Neysa;Dono;68153112;ndono3r;XQSH6b7Su7ab"
"Kacie;Roggeman;70051679;kroggeman3s;fzbcIoNJ2aj"
"Jolyn;Casini;28555507;jcasini3t;PSuSswKuJ2"
"Murray;Elston;75045325;melston3u;ZVhhb8rQWZ"
"Gordie;Bloor;34888926;gbloor3v;4ccFRm90Zl3"
"Inigo;Batson;66454567;ibatson3w;sF4EhBTfcjT"
"Jamie;Everwin;76225247;jeverwin3x;aBCgGL"
"Lazare;Mizen;17833599;lmizen3y;rJKQBk"
"Anett;Warlton;85593102;awarlton3z;HUjaG1R3rrXu"
"Lebbie;Rankin;99784804;lrankin40;DEG7BwPZtm"
"Charin;Creigan;98953471;ccreigan41;Mt0gDnbLf9Xd"
"Bartlett;Harmson;40490249;bharmson42;jSmf8j"
"Zea;Cornely;94709159;zcornely43;swScWzU"
"Herbert;Tutton;40918878;htutton44;sySJuKr"
"Ulysses;Ewins;52220556;uewins45;1ggzzkW"
"Bethina;Clemanceau;25454344;bclemanceau46;H9oc6EEZqE"
"Atlanta;Willgrass;26875538;awillgrass47;F0zmX8dgFDQD"
"Katheryn;Fancutt;68168623;kfancutt48;essufCw4J"
"Reeba;Capitano;46316442;rcapitano49;62kp5hummf"
"Davina;Bernholt;40357210;dbernholt4a;lECLgU8Oon63"
"Kelsi;Ceeley;98234561;kceeley4b;byemJOx"
"Randie;Eldin;21803020;reldin4c;dGJYeNQ"
"Inesita;Gurrado;34600012;igurrado4d;hDYxXv0"
"Valentina;O'Kinneally;17680423;vokinneally4e;0D40JiN"
"Brigitta;Pieracci;18800756;bpieracci4f;wDj7wnb"
"Ogdan;McGeorge;78104586;omcgeorge4g;VjQs3iW6QNb"
"Katusha;Tivnan;13405049;ktivnan4h;87muR0mORtdM"
"Coralyn;Hallford;85667289;challford4i;bjlEbo"
"Imogene;Cassidy;14093495;icassidy4j;QJc45aLZCf1y"
"Emalia;McGeaney;76894146;emcgeaney4k;h3XI9Q"
"Arabele;Allabush;95486814;aallabush4l;4Zsj7R"
"Ruthe;Cuss;24123616;rcuss4m;ZtZRzpN8"
"Lorilyn;Barnsdall;34385362;lbarnsdall4n;FuVkM4atyb1n"
"Maighdiln;Jupe;86240514;mjupe4o;hZYEeXLua0"
"Audrie;Baudouin;47881327;abaudouin4p;40nMBPIo"
"Dane;OIlier;92720752;doilier4q;ZlCn6cy6lx"
"Quinta;Munnis;21529995;qmunnis4r;2YRlAu1eXU"
"Ram;Alger;6575523;ralger4s;k0iDmKQikR"
"Berget;Phillp;31271973;bphillp4t;NnmNk3K5"
"Elbert;Danne;40299029;edanne4u;0xxJHQuFv4aZ"
"Keary;Turfs;75545849;kturfs4v;JMEJFo7q0yF"
"Joete;Cuddon;7028508;jcuddon4w;93Jr726DwOu"
"Stephan;Geal;20780301;sgeal4x;fUl5Kp84"
"Izak;Chapelle;4713740;ichapelle4y;EDAwgCeSsv3"
"Vicky;Godspede;23214156;vgodspede4z;k2UhG1"
"Hyacinth;Gebhard;39770651;hgebhard50;wMhwwbbiMBI"
"Lark;Pendrey;69663129;lpendrey51;aVC2JD7"
"Nap;Greenall;32745683;ngreenall52;J7O6KDqtJ"
"Bertrando;Gunda;40255509;bgunda53;ybUnHFUnAY"
"Steffane;Missen;69730383;smissen54;pzE1WlcQX4j"
"Danielle;Van Bruggen;63985213;dvanbruggen55;b8mTiqHWKO"
"Adey;Chieze;76167599;achieze56;hjiKDXnvBI"
"Freedman;Merriton;73321424;fmerriton57;0NyAurdt2BE"
"Teodorico;Turbill;5912211;tturbill58;y0Uv9GtjD"
"Tamar;Tuddall;58986052;ttuddall59;5d6MpoHZKo"
"Rozalin;Anthoine;46376003;ranthoine5a;D9O0hiUIC"
"Xever;Verrier;2255885;xverrier5b;HWhxAvuYdS"
"Somerset;O'Keenan;85065079;sokeenan5c;7Vo2otUsjyy0"
"Dillon;Nisco;50253631;dnisco5d;MPQ37HBwhy5"
"Walsh;Loosmore;9499748;wloosmore5e;CnhAByPF"
"Luke;MattiCCI;67196034;lmatticci5f;M2WK7hYFhQ"
"Kelvin;Cobby;26967977;kcobby5g;pauLf5UiPB3b"
"Latrina;Budge;94071313;lbudge5h;vy79VRoTfPYy"
"Ella;Picott;89662433;epicott5i;iAXUyAE"
"Laurent;Caves;23505025;lcaves5j;x1ToSW"
"Lancelot;Caville;69705988;lcaville5k;UV5lcUlO"
"Laure;Komorowski;29570904;lkomorowski5l;cR8JEVaUt"
"Clarita;Fearney;43948233;cfearney5m;gd5vLqI4g"
"Tucker;Iacovo;29891196;tiacovo5n;OUVWecf9smu"
"Elinor;Oglevie;28699073;eoglevie5o;LYhoemx"
"Penni;Gapper;74751196;pgapper5p;vyEuu3Syus"
"Elane;Rapaport;47960872;erapaport5q;LWDkif"
"Katey;Feldmann;67954521;kfeldmann5r;duf9f1"
"Cleo;Chuter;89487592;cchuter5s;sw4QaKkmY"
"Jaymie;Degli Antoni;89101140;jdegliantoni5t;1SnNQ900n5gA"
"Dieter;Deverson;87708213;ddeverson5u;JMBys4"
"Teresita;Dowdall;55393256;tdowdall5v;tq2HG7wjEmI"
"Orran;Lucius;87225483;olucius5w;0gECCTVd"
"Gaile;Malser;25862435;gmalser5x;SnDAfHqor"
"Terrell;Stern;16770370;tstern5y;Qvc0XxX"
"Bibi;Gilardone;51919388;bgilardone5z;VbFERAp8h8p"
"Tuesday;Barkhouse;95924608;tbarkhouse60;BsRbfYFYYmS2"
"Cirilo;Bulbeck;69185082;cbulbeck61;AJ0bOfursoK8"
"Camille;Haney`;6299675;chaney62;B41V4Nf4A"
"Krisha;Saundercock;80165344;ksaundercock63;AtiGgF5xF0m"
"Clevey;Nibley;77991850;cnibley64;VhuLGFfu"
"Ahmad;Musgrave;68865606;amusgrave65;JnqEv4"
"Cassius;Skill;9397678;cskill66;vxmnHWLWK4"
"Rebeka;Deegin;40288928;rdeegin67;NKDgC0"
"Windy;Scroggs;45405600;wscroggs68;N6TEDfS0D6"
"Jaymie;Gussie;29597471;jgussie69;Ie4yAaq9rW3"
"Mamie;Chasmor;85489148;mchasmor6a;FSNU8v"
"Maribel;Hazleton;82456711;mhazleton6b;AJwiRchgD8"
"Franz;Dugan;31859054;fdugan6c;GSQ3O9lM8cx"
"Alayne;Whatling;50545554;awhatling6d;hjrFZlSu"
"Fania;Alsopp;57792732;falsopp6e;4DbePtX8epa"
"Adrian;Olanda;83312690;aolanda6f;PvbpKQSUI"
"Stearne;Guerra;61341394;sguerra6g;OlHBAnyc"
"Perrine;Zuenelli;83994082;pzuenelli6h;9Ty6s02wS526"
"Philip;Hull;65911723;phull6i;VelIxmw"
"Marielle;Jankiewicz;68949789;mjankiewicz6j;8gIfpvd"
"Eduard;Boulger;99682680;eboulger6k;vvHTiv"
"Teodor;D'Alesio;44733755;tdalesio6l;TsrTNvp"
"Tedman;Dimbylow;4827996;tdimbylow6m;niFiY24dS"
"Clemmie;Giffaut;31340308;cgiffaut6n;bAzpAP280UeF"
"Chadwick;Gonthard;61335417;cgonthard6o;wMZNn9y9t"
"Melanie;Scowcroft;79548547;mscowcroft6p;sOZ6hPsepSyR"
"Lennard;Levings;48162601;llevings6q;6MKSiI"
"Adiana;Marjot;44486729;amarjot6r;xJ0mCB"
"Ramsay;Imorts;9875172;rimorts6s;njfzayue"
"Irvin;Weavill;53195777;iweavill6t;yRAw0b0GIud"
"Levey;Helleker;64890875;lhelleker6u;JSn6hfdd17ou"
"Christian;Prettjohn;91249457;cprettjohn6v;ptQUb4"
"Celeste;McCleod;59832551;cmccleod6w;KIkvOj6gl"
"Essa;Beatty;12399674;ebeatty6x;S2mgxF"
"Jimmy;Lemery;86268385;jlemery6y;HDHp3w6qyQK"
"Kikelia;Casine;27281615;kcasine6z;2d8MjkZf"
"Moshe;Ledrane;71367937;mledrane70;pVprH4s8qILh"
"Moss;Gregr;37423188;mgregr71;GjaH9yX3IIr"
"Delia;Heyward;92825403;dheyward72;DbXteh7"
"Minor;Mulrooney;43979795;mmulrooney73;dgNLL1q6o"
"Issie;Kirrens;73180751;ikirrens74;checr31hWNr"
"Binni;Eley;40189372;beley75;KyiDWu"
"Duane;Bullin;23102928;dbullin76;pXHhv2iCoVlR"
"Silvan;Jellico;10540860;sjellico77;oiKqIPP"
"Neal;Gendricke;16660340;ngendricke78;P3hryttZN"
"Sibby;Exeter;22218558;sexeter79;UmnfIsfs2a"
"Helge;Castanaga;93062869;hcastanaga7a;aGStgk"
"Ema;Aggus;27032083;eaggus7b;6t43wiZl"
"Raimund;Crewe;70139068;rcrewe7c;bBrtIIRVF7"
"Dex;Nyles;30129043;dnyles7d;WGoCCSa8o2n"
"Rebeca;Hards;69701469;rhards7e;fSZ233qcFm"
"Towny;Petrushkevich;73097018;tpetrushkevich7f;lQ9bDlmh0nz"
"Boony;Cremen;79946013;bcremen7g;DVMqL4HXdG"
"Lilly;Batterham;84097984;lbatterham7h;OFONCv"
"Cassius;Georgi;12803593;cgeorgi7i;a9F6i550M"
"Lauree;Beadle;15425841;lbeadle7j;RgAyOIn5k"
"Ryan;Terren;16605594;rterren7k;nGku55nL7I84"
"Ravi;McNay;51240675;rmcnay7l;A5ioJn"
"Joyann;Udden;74157464;judden7m;lgWi5WVkn"
"Gallard;Bowfin;69910914;gbowfin7n;xYg7uG"
"Quinlan;Sanchis;90756341;qsanchis7o;nyhHvXo"
"Scotti;Bampton;24341889;sbampton7p;xekApMHUSFVl"
"Kitti;Huet;48040925;khuet7q;d1nYHG5uVLPB"
"Domenico;Amorts;71285187;damorts7r;NoEIf5tH"
"Hashim;Hugo;57955542;hhugo7s;O2nKqqEsz"
"Augustus;Gittings;18051242;agittings7t;dkD6JslygOD"
"Efren;Holgan;12535465;eholgan7u;KgTeSs"
"Angelo;Le Barr;50767358;alebarr7v;02kSbLVwU"
"Minor;Pedrol;70821250;mpedrol7w;eZ6Ndr"
"Korella;Franzini;7979604;kfranzini7x;RCUM1xfEA"
"Alta;Furness;49753764;afurness7y;w7UTFjWDz"
"Norri;McGaw;74986053;nmcgaw7z;1wb1XdfRS3"
"Gradey;Niess;60037437;gniess80;hZkNmCjZdxH"
"Barnabe;Cathee;87639928;bcathee81;Krd44Hg6B8"
"Leland;Baudon;12418543;lbaudon82;Lyqa8IOFTR4o"
"Roxy;Felstead;35852013;rfelstead83;PFZqtQ"
"Euell;Jansey;49244921;ejansey84;oozXSuiF8"
"Vinson;Leonards;10832929;vleonards85;ylZLr7"
"Emmy;Carl;49146726;ecarl86;HmzJa1mZv"
"Daryl;Alliott;49697345;dalliott87;Jj5iWkc"
"Audrey;Kusick;51389560;akusick88;WhvFvBof7sC"
"Eamon;Leborgne;96463217;eleborgne89;qBveah"
"Tally;Elmhurst;88048324;telmhurst8a;ItABTSK"
"Marline;Wellings;7182482;mwellings8b;Qigz3d"
"Fayre;Atherton;7383583;fatherton8c;R9pxsJHAP"
"Oona;Bras;38392254;obras8d;etGeCSTgSOM"
"Lane;Glendzer;78007191;lglendzer8e;OZq1VUVarCGI"
"Ryley;Jodlowski;75751401;rjodlowski8f;a9KOZ4"
"Fred;Poag;42499766;fpoag8g;SUK926sSINo"
"Eric;Foddy;98208957;efoddy8h;NJig4EKLv"
"Davidde;Slark;25018402;dslark8i;ShElOPJVWE4"
"Alessandro;Levay;93530315;alevay8j;Hja1cWIjsFb0"
"Corey;Gonzalvo;43063543;cgonzalvo8k;sJJIcKFb2pO"
"Aurel;Bracco;36379549;abracco8l;us6kRDnmQ3"
"Wilhelm;Sorrill;74049133;wsorrill8m;o5udueDOEQ9"
"Cameron;Gask;88262898;cgask8n;2HtbeW"
"Rosalynd;Parke;33302694;rparke8o;amYOxgZg4O"
"Linn;Koeppke;50501320;lkoeppke8p;0C2G1pbZjxa"
"Eleonora;Camden;30159392;ecamden8q;VeByLfLdQ"
"Jarred;Farnham;11999588;jfarnham8r;uqUch3XbHU"
"Dulsea;Vany;35199350;dvany8s;wdEuZ04fbp"
"Milty;Pendreigh;93776264;mpendreigh8t;DkJtz2R5df"
"Row;Switzer;31038099;rswitzer8u;liNcRMtErnl"
"Amble;Stamp;50000463;astamp8v;ePuuV4V"
"Katrina;Burel;32010160;kburel8w;7MSX2eocOyoC"
"Raphaela;MacCrosson;79187152;rmaccrosson8x;0e97tYAC"
"Tore;Smallbone;99921216;tsmallbone8y;5eQeksBBgpq"
"Rossie;Tosh;16625443;rtosh8z;YABPVn"
"Perice;Mogie;97559633;pmogie90;0ILa7k5nFA"
"Chicky;Febry;19600163;cfebry91;ef7qlg"
"Simonne;Hallas;91089940;shallas92;bZguIkdPci0"
"Bentley;Govern;92753451;bgovern93;OjLuoXh"
"Marwin;Ganforth;52659757;mganforth94;UYyCQ5DAUB1"
"Sylvan;Lilburne;50022360;slilburne95;VH7G0D"
"Sammy;Dearness;45410159;sdearness96;wRjA3inN2C"
"Rebecca;Withams;55685090;rwithams97;Vo91EGPW01"
"Melita;Wilmut;47281917;mwilmut98;OFQ0SEVWfhM"
"Colet;Jupe;32639459;cjupe99;7lWtrn1"
"Claudette;Halwill;24150858;chalwill9a;jH66rF9rSp"
"Karel;Moncarr;51653526;kmoncarr9b;jTzd3EK"
"Forbes;Hatcher;44652137;fhatcher9c;2exN6ob"
"Cinda;Service;83006649;cservice9d;9jDJNH"
"Krispin;Corrado;22707887;kcorrado9e;j58VF9PQ2qE"
"Correy;Lett;93216255;clett9f;1CSjyV9"
"Beckie;Merman;42409034;bmerman9g;aHOfaM"
"Rafaello;Stabbins;95142103;rstabbins9h;dg9eTnAL3CWZ"
"Francis;Denizet;65591513;fdenizet9i;oTdBivcd"
"Mitchell;Danovich;63469705;mdanovich9j;cJQ9FkV"
"Jaclin;Romero;874040;jromero9k;YOmk6Na"
"Nerta;Haglington;73003742;nhaglington9l;CCz38Z7m"
"Sheelah;Hantusch;4303560;shantusch9m;Vqiyd7UW9oV"
"Leslie;Dunnaway;17659390;ldunnaway9n;yWLQjp2Ul"
"Kristina;Marusic;78565790;kmarusic9o;4eXIsKB"
"Bondon;MacGeffen;3793820;bmacgeffen9p;sgfORsP"
"North;Haslock;92249792;nhaslock9q;ZhpNYq5pX"
"Cassaundra;Assender;25894814;cassender9r;daLxOtI"
"Kassandra;Cowling;58955796;kcowling9s;9IK52GUlpI"
"Lucas;Glanz;12403120;lglanz9t;JPArt3vNr"
"Zaria;Hattrick;37014120;zhattrick9u;uC9aBXN"
"Kristal;Pailin;93913156;kpailin9v;8YSlglgvITLO"
"Ardelia;Mahon;77800080;amahon9w;rUmV5pqRCNq"
"Alexa;Margery;34225230;amargery9x;ZSwFCU"
"Nicholle;Balaam;95797878;nbalaam9y;t0W0yVjZimP5"
"Amitie;Commusso;9920034;acommusso9z;qioLZ5y99hvX"
"Lurette;Lourens;61576185;llourensa0;2BF7S5f9L7D"
"Adelaida;Jarvie;49346018;ajarviea1;8SbFPzjB"
"Gates;Isson;96485608;gissona2;3mYhL8i"
"Alessandra;Betke;32600267;abetkea3;eg8ATXKe9maX"
"Celisse;Wistance;7862031;cwistancea4;1Nchba"
"Ezmeralda;Peasee;82665275;epeaseea5;Cf8cSKohkY"
"Alexandrina;Ventura;97718428;aventuraa6;UT8l63nM"
"Flossy;Sharvill;16583025;fsharvilla7;W8MoxGtD"
"Maire;Eger;30894224;megera8;ldI8Ga"
"Galvan;Kohnert;35570697;gkohnerta9;qqO4unO"
"Ogdon;Elliott;69498945;oelliottaa;Cil6jh"
"Sigvard;Etty;7040513;settyab;joTpzEvBFM"
"Raquela;Mebius;21040172;rmebiusac;owvV0AX"
"Ingeborg;Bauld;36784343;ibauldad;kGXEvo"
"Sebastiano;Kochs;30224951;skochsae;pkW3BISt"
"Loralyn;Broodes;39306243;lbroodesaf;kmGmDWMIDF"
"Virgilio;Thys;46103803;vthysag;vPXfXkhL51"
"Thaddeus;Pargeter;24330361;tpargeterah;4v5CZ17"
"Ailee;Medler;43724825;amedlerai;DhxbqsmPM"
"Manda;Feeny;35514873;mfeenyaj;q6lZws95cdfG"
"Del;Greenslade;19467626;dgreensladeak;VYTh8UN8rhx7"
"Demetria;Stockbridge;92599785;dstockbridgeal;aOsqDYOYIAw"
"Aleta;Chrstine;11478099;achrstineam;aEXapzWE9tXj"
"Farlay;Leif;7493412;fleifan;7WBrU67KqV4"
"Carroll;Hartill;97050124;chartillao;ZCUiw3xt0VmD"
"Chantal;Mattea;55317331;cmatteaap;4KuqLu9uUzL"
"Giraldo;Borrill;42722387;gborrillaq;xj2P3rC097Cn"
"Hewitt;Tizzard;74474441;htizzardar;sLz0CWUk"
"Elisabet;Greenhalgh;51302529;egreenhalghas;ryXhyoM"
"Esme;Philot;23474684;ephilotat;zFW3LgmyIaW"
"Fabe;Calafato;15875038;fcalafatoau;kvU06x"
"Cordelia;Elliston;22608903;cellistonav;6bIpvahbq4"
"Celka;Frearson;80692915;cfrearsonaw;w8A9lnAX"
"Robinette;Edelman;74660420;redelmanax;8B996kVwVFIC"
"Cornall;Brood;51621201;cbrooday;KlhwXe"
"Winnah;Turbard;89155141;wturbardaz;xtjMRHiYwcJ"
"Audrye;Edgworth;40116904;aedgworthb0;rhANAwicuBPH"
"Angelika;Haswall;63521952;ahaswallb1;rg9MYhEm5D"
"Aretha;MacAnelley;70365688;amacanelleyb2;VxvZv8ufudU"
"Aurilia;Tomovic;51793985;atomovicb3;MCP7BJsF"
"Perla;Winspare;72225892;pwinspareb4;SAtd76o"
"Shannen;Pynn;54241980;spynnb5;jKDcQuZ7xFv"
"Vance;Beidebeke;5832824;vbeidebekeb6;h5hNxU9uMfKr"
"Cherry;Woollends;89752040;cwoollendsb7;08xg1RS5OhnA"
"Nathalie;Joiner;58225351;njoinerb8;LI105DuwT7t"
"Bonnibelle;Cartmell;5512041;bcartmellb9;40D5lb4TF"
"Merry;Curran;72445266;mcurranba;NpIPZC8"
"Barthel;Roeby;50426738;broebybb;1LSMqlKgtJ"
"Odelia;Loos;53573245;oloosbc;5bxGcl"
"Ophelia;Ibbetson;53292441;oibbetsonbd;gpgB8chX"
"Crissy;Sissens;63866578;csissensbe;zgPRUJ"
"Halette;Odell;56237779;hodellbf;LslpBKCSr1"
"Fredra;Stelfox;75176083;fstelfoxbg;0uRiO7S9"
"De;Noblet;62108186;dnobletbh;qYcgYI"
"Hinze;Scamwell;14860325;hscamwellbi;KlOLKoLWhlR"
"Nolana;Alldred;84333249;nalldredbj;sG3bKPj24kB6"
"Dita;McGuiness;58641843;dmcguinessbk;hlTOJppP"
"Pierce;Backs;60015166;pbacksbl;NytDbX6"
"Claudia;Extall;17533205;cextallbm;4u2xTY2"
"Malinda;Grisewood;66499599;mgrisewoodbn;aW3FYx"
"Cherri;Prate;31140455;cpratebo;Fh4POm0"
"Marylinda;Quirke;35496861;mquirkebp;oVB6eIGj"
"Aymer;Pearse;4314953;apearsebq;kKPRqDtD"
"Devora;MacGill;7909992;dmacgillbr;MltIcGk06q"
"Avery;Hallatt;95891975;ahallattbs;wyUvD0Zj0e6"
"Karlotte;Doey;73860060;kdoeybt;r6bBJxBU"
"Viole;Pendock;18733862;vpendockbu;TvGzPpA7mfy"
"Iona;Mogridge;11087095;imogridgebv;YsuUMf6ca5rQ"
"Mackenzie;Bernath;91344931;mbernathbw;eFTirmJ1vY0"
"Crystal;Misselbrook;72336369;cmisselbrookbx;rv924dJNRh"
"Drew;McIlveen;44082358;dmcilveenby;M1I5OU"
"Burnaby;Bolver;79861407;bbolverbz;EEOLocUCt0"
"Blake;Belliard;11408205;bbelliardc0;pbCouU25"
"Catha;Dickings;27213918;cdickingsc1;KTwFUpAic"
"Evelin;Shotter;42819586;eshotterc2;UadnO3gi"
"Nissy;Esson;284455;nessonc3;Me4fequ"
"Daron;Henriquet;66594496;dhenriquetc4;cheGE3sM"
"Algernon;Earwicker;88320708;aearwickerc5;Iy8iFj4UMe"
"Stephenie;Pharo;51416839;spharoc6;M2frjheDm"
"Eldridge;Midner;92997645;emidnerc7;eBWgzGQMf"
"Conant;Hosten;79398799;chostenc8;upTOcxBjir"
"Merry;Carnelley;98410310;mcarnelleyc9;S4OzBOTQN0"
"Dulsea;Rame;73208445;drameca;b1wx0IKx9W"
"Roby;Clemes;31367462;rclemescb;IvIAPk"
"Rois;Flattman;68531376;rflattmancc;nwMFdqIv"
"Bax;Nolan;61239957;bnolancd;DG2R0FCqw"
"Jayne;Allatt;94246578;jallattce;qHC4zUu7"
"Hazel;Scrace;76326648;hscracecf;a3AR8rylx"
"Lanette;Kenny;42150520;lkennycg;PM9FzkTkHuK"
"Mariya;Scrannage;62386928;mscrannagech;bE40UZ"
"Netta;De Beauchemp;99363013;ndebeauchempci;VSYedo18"
"Kelbee;Dunhill;932895;kdunhillcj;qPX8ma"
"Waldo;Vasilechko;78073290;wvasilechkock;7SWfH01Tb7DO"
"Wilbert;Sweed;25086697;wsweedcl;6f1b7eou91ne"
"Thomasa;Crowd;70056884;tcrowdcm;Wl2nocLyqd"
"Reinwald;Fackney;45054811;rfackneycn;HjodQ9z"
"Kimberlee;Edgworth;10737395;kedgworthco;wBlwU8cM9f"
"Golda;Hedgeman;8258597;ghedgemancp;M8WgvFP1y7Xm"
"Franny;Laboune;43765034;flabounecq;Niq2dYU"
"Phaidra;Sink;9925430;psinkcr;g1rzl9e"
"Dahlia;Gosse;94488520;dgossecs;1ng0zBHeDU"
"Shelden;Bulle;67731831;sbullect;JqImcu59qpJd"
"Cordie;Sturdgess;52830891;csturdgesscu;hmUL1lH"
"Ingrim;Mutton;63926442;imuttoncv;txerMmWHO"
"Pate;Tyhurst;90373162;ptyhurstcw;OUmZkIj"
"Gilburt;Burgon;75785903;gburgoncx;kGLkDPPneEDg"
"Mikol;Hurch;7355411;mhurchcy;mip5vw2jRTgh"
"Jammal;Ceeley;40011371;jceeleycz;Om6Nyojd"
"Alta;Mapstone;94399382;amapstoned0;W5iT1q4s2jov"
"Marje;McDool;45185832;mmcdoold1;M4cP0mMsd"
"Aurelie;Flucks;23435419;aflucksd2;T3ad58nHnolB"
"Jada;Cudiff;30555472;jcudiffd3;ZK0dXbCFxq"
"Breena;Mazillius;68634657;bmazilliusd4;zovGBNAQtpAg"
"Felecia;Stanion;96228718;fstaniond5;0x48myvb5"
"Clarke;McKenny;176750;cmckennyd6;IXnl5qHoeA"
"Odille;Hane;67361653;ohaned7;ZgXR66piURRl"
"Anna;Waltho;76049345;awalthod8;BmeCav"
"Sayres;McPake;97254650;smcpaked9;VWMUCk4PHU"
"Parke;Licciardello;2052330;plicciardelloda;q9HcjbJc"
"Sauncho;Rotte;50967617;srottedb;P27lLlgz"
"Stephani;Byham;35594574;sbyhamdc;HJAzxmV3D9"
"Rosaleen;Stockau;64221116;rstockaudd;Gva95j4Pwclr"
"Carlita;Kirrens;98185083;ckirrensde;TxRvlhjgMkec"
"Roxy;Tills;49361624;rtillsdf;M2XVVBqa"
"Wendel;Coppenhall;31520920;wcoppenhalldg;AH4T8P"
"Roi;Hanson;61054308;rhansondh;hAnIZEHpB9"
"Mord;Calendar;41861003;mcalendardi;gbEMp6DMCw"
"Joya;Veart;62973353;jveartdj;mXk44b"
"Zach;Sawney;12876219;zsawneydk;AZnV8niaADeQ"
"Ursuline;Banyard;77061324;ubanyarddl;i28ogTj"
"Emelda;Ower;35194879;eowerdm;Q6QfcYKkj"
"Koo;Eighteen;715174;keighteendn;uvD0DU751"
"Rosana;Antonio;68070234;rantoniodo;ddSM6Fn"
"Roldan;Wyldbore;68194115;rwyldboredp;q9rn3wrwQ"
"Blanche;Riach;70281222;briachdq;ciweLDhA"
"Lilly;Greetland;12615963;lgreetlanddr;CkKet1hHZW"
"Yolanthe;Eastwood;34958387;yeastwoodds;gv3mvJ"
"Talbert;Bier;98704385;tbierdt;OZed3EoQ"
"Kakalina;Lovell;42306303;klovelldu;hIAcxr2yF"
"Valeda;Corner;92919827;vcornerdv;BmjLLAOkNAoS"
"Sybila;Ingerson;38508782;singersondw;Zu3tZOIYtb"
"Perceval;Malley;91164401;pmalleydx;Cr4Kwlddj"
"May;Hawlgarth;5412194;mhawlgarthdy;dn8nqWkiO"
"Briney;Eilers;28044005;beilersdz;tRiZgvmXDkZ"
"Linea;Bernolet;76918649;lbernolete0;VuM7YwrV8E"
"Court;Stroder;72881396;cstrodere1;4HI21lcRsLfV"
"Chelsae;Fairchild;13414815;cfairchilde2;sqB9yFLq7O"
"Bartram;Durnford;60103896;bdurnforde3;uUo8qI3"
"Mady;Fuidge;26966738;mfuidgee4;Gb4FR4I"
"Arlin;Coutts;91748847;acouttse5;ERShsqlV"
"Deedee;O'Cullen;36677678;docullene6;oSXCNnc5JF9"
"Hanna;Terzza;82736784;hterzzae7;Dqr2klRhZx0"
"Leslie;Santora;72806692;lsantorae8;HbtS58wz"
"Thia;Negri;58175627;tnegrie9;r17E3EcAnfUA"
"Spense;O'Canavan;49218477;socanavanea;OZCIF3Gs"
"Verney;Corser;22725178;vcorsereb;giXrfpS"
"Willyt;De Francisci;3753635;wdefrancisciec;HkEh1VU"
"Cecil;Firmager;42760938;cfirmagered;2HWpvvWO1"
"Winfred;O' Markey;91845946;womarkeyee;oOt2IYsbkfGt"
"Gerhardine;Haacker;32807918;ghaackeref;OTw6bhkG0"
"Wynnie;Leworthy;15390128;wleworthyeg;WCs82S"
"Emelyne;Flannery;64486876;eflanneryeh;BCEuNrvI"
"Cindra;Fitt;6470882;cfittei;4vCcPmR0dS7"
"Marion;Swaton;32826025;mswatonej;jVmA2m3lk"
"Cly;Marusic;69714176;cmarusicek;qBWKb9AwhANa"
"Bea;Whistan;63017235;bwhistanel;fZjAWKm"
"Riobard;Petracci;29441580;rpetracciem;ajqF3Y"
"Tony;Boulter;70714296;tboulteren;7dXQL0Tf"
"Shaughn;Kerrigan;38775308;skerriganeo;8v5lWL"
"Jarib;Sleith;23659028;jsleithep;sEaIGYeA"
"Gnni;Vallentine;22168198;gvallentineeq;N0BdPsbTDF"
"Wallace;Ellsbury;9330705;wellsburyer;ZNKGgp"
"Leia;Gahagan;8598564;lgahaganes;Yd03rL"
"Abelard;Wittman;23780779;awittmanet;t8Mixh1"
"Gaspard;Baskeyfied;34379690;gbaskeyfiedeu;DowW1FH"
"Barbara;Morrad;713035;bmorradev;pXlSEW"
"Gayla;Dewdney;37706160;gdewdneyew;F4dHJuXecYh"
"Erda;Jessup;73329103;ejessupex;BlaD4s34slWI"
"Theo;Lewendon;76643299;tlewendoney;2CACiyFV9"
"Joanna;Perrycost;35692034;jperrycostez;jgwbdH"
"Carlie;Buzek;11950302;cbuzekf0;psi8YrYb6iFx"
"Ashia;Serrurier;54962644;aserrurierf1;D1dgZgjtQo"
"Elisabet;Sweetenham;5812424;esweetenhamf2;XqPpvpk"
"Davita;Guillem;79025358;dguillemf3;45Rcr4EWVDee"
"Emmery;Hallor;77778911;ehallorf4;sSgGwVMRXe"
"Esma;Peres;69546657;eperesf5;t0CdjGiMc"
"Elladine;Rodders;54364099;eroddersf6;qmVzUdszOM"
"Vickie;Britner;96789724;vbritnerf7;lCTG2R7s"
"Wolfy;Squelch;20713775;wsquelchf8;Kkbl8sMJjqqk"
"Massimo;Crumley;82330696;mcrumleyf9;l5uxaGelqwfN"
"Clemmy;Salliere;50258160;csallierefa;kFLMCGv"
"Yanaton;Devers;35372503;ydeversfb;TXJKKBB196"
"Sophi;Neillans;34502506;sneillansfc;nM4kMLRT"
"Serge;Joesbury;96327035;sjoesburyfd;yCgXbV3b"
"Suzi;Monan;95223995;smonanfe;yiag0njtX"
"Aviva;Peffer;54205564;apefferff;njU6si"
"Vassili;Iacopo;62970834;viacopofg;pRBKZRF"
"Missie;Corrie;66503811;mcorriefh;j941Pd"
"Tiertza;Kuban;1737173;tkubanfi;Bmp6Cv10"
"Corrie;Dine-Hart;73054008;cdinehartfj;mLCX3Cxk7"
"Anna-diana;Sertin;64804379;asertinfk;mWVBXP0PWJ06"
"Xylia;Leindecker;60738078;xleindeckerfl;VBPoMoTzS"
"Bernetta;Garaway;3519581;bgarawayfm;2NICeJZtm"
"Dacia;Scrowby;55713820;dscrowbyfn;SGCCyacxp0"
"Dud;Hovington;60788594;dhovingtonfo;ImDVbRM17ZAV"
"Dina;Northidge;96265882;dnorthidgefp;in3iA3h1iMs"
"Darcy;Gummary;73757639;dgummaryfq;N9llhjdEwPoD"
"Cullen;Simnell;68983454;csimnellfr;FylQlxmGkE"
"Read;Byrth;60916233;rbyrthfs;x9pXbzu"
"Cammie;Free;64994864;cfreeft;kdUQMj"
"Lorens;Baumann;72075460;lbaumannfu;PNTcRNfE0"
"Betta;MacAfee;30906571;bmacafeefv;DK63rh"
"Jobyna;Danilchenko;85859031;jdanilchenkofw;kEK3zB4nK8dE"
"Wilmar;Jolliss;38405580;wjollissfx;z4XSRPkIl6"
"Fletcher;Surgener;80899459;fsurgenerfy;NO1jOAj"
"Sonny;Draper;32256738;sdraperfz;0h6TEC"
"Ki;Linnett;88242069;klinnettg0;34bVbA5Y"
"Kellen;Keohane;73765647;kkeohaneg1;6gNfen4CZ0"
"Rudolf;Frusher;44110128;rfrusherg2;bFxdhN"
"Fidelity;Goodsir;93552125;fgoodsirg3;7zEz2OT"
"Levy;Goane;90658846;lgoaneg4;dVKTEIUYNTc"
"Cherie;Brislen;19860395;cbrisleng5;T5wsMVbi"
"Lind;Dolphin;6995459;ldolphing6;SI4r2mN"
"Paddy;Boadby;45478711;pboadbyg7;mcQzrR4"
"Oswald;Pepler;45004425;opeplerg8;AYt5FM"
"Christie;Klesel;45776612;ckleselg9;3Dlu5uFdPVj"
"Zea;Derricoat;93135526;zderricoatga;2KGRJvrQN4q"
"Guido;Luipold;89826953;gluipoldgb;o6zCIfUmGRh"
"Maury;Ubee;91345792;mubeegc;wZh3gvEm3Xj"
"Helen;McGeechan;14718323;hmcgeechangd;Db3YN4zCI64"
"Anselma;Gronaver;16700794;agronaverge;tT2eYdDmjGj"
"Lissy;Tawton;75811235;ltawtongf;ylzvqdpy"
"Tamma;Hane;3274521;thanegg;mPDJQXMPgE"
"Ive;Tanman;2002341;itanmangh;wH1LHwBP"
"Rebeka;Swanton;25821929;rswantongi;xf63wAP"
"Dimitry;Vitall;99186642;dvitallgj;JOMB6d4"
"Zsazsa;Serchwell;48388280;zserchwellgk;HlWKhcYkl6y"
"Darb;Gallagher;11486699;dgallaghergl;vES9iT"
"Basile;MacCahee;59332416;bmaccaheegm;T3OG9Eb"
"Loren;Egel;25428186;legelgn;peMCDg2tcO"
"Tally;Satterly;80741906;tsatterlygo;ZJlz64d"
"Jethro;Garnsworth;54481252;jgarnsworthgp;DpTXOsaivZ4"
"Hope;Magnay;9464284;hmagnaygq;S7IlcoA"
"Mellisent;Lefridge;61667006;mlefridgegr;sAStSyieNIG"
"Jermaine;Calendar;93875406;jcalendargs;cxcItq"
"Valentina;Croxton;78515069;vcroxtongt;75O4zE3KX2lD"
"Xenia;Prozescky;58031203;xprozesckygu;akn6i6"
"Geraldine;Klimecki;84406735;gklimeckigv;YjOUDUwI2Koa"
"Dermot;Croisdall;16086530;dcroisdallgw;qmWOREgqlriD"
"Jocko;Ginnally;15536322;jginnallygx;wYdb8s"
"Faber;Chiplin;95500837;fchiplingy;JuP8GAa"
"Vivianna;Knutton;26754790;vknuttongz;KYFHGQ9452Gh"
"Jeni;McClounan;99846013;jmcclounanh0;nnm99rREeVql"
"Griffin;Bawden;31005552;gbawdenh1;oOLIqd1KjgQ5"
"Vanya;Errichiello;40300290;verrichielloh2;fmrfQs62"
"Merlina;Ovenell;14262716;movenellh3;tnKBK8aM"
"Sibley;MacPike;35923924;smacpikeh4;XtKSQO"
"Rosabelle;Ehrat;5645142;rehrath5;icdpKdtMilog"
"Silvanus;Ruprich;52478459;sruprichh6;ob4K00IQ0o"
"Kelbee;Farrell;16732851;kfarrellh7;gg8opdhWnEn7"
"Ax;Orrin;87835013;aorrinh8;qZXRxDtzIwQ5"
"Kassie;Charkham;12801719;kcharkhamh9;gVpY6H"
"Emmalyn;Cavil;27696620;ecavilha;YMLQuZY"
"Kasper;Casterot;69207154;kcasterothb;QHMPf5fduO"
"Myrwyn;Duigan;41918888;mduiganhc;NYRHrC"
"Sig;Hindmore;17875696;shindmorehd;BpX1m5uC6RHT"
"Franklyn;Gudeman;72304067;fgudemanhe;0XQUWNohwYh"
"Camey;Fleming;36454655;cfleminghf;YdjQIJggFt8"
"Karlene;Wilshin;80928981;kwilshinhg;HcSJI3uNKk"
"Latrena;Breming;14344741;lbreminghh;e8WBX1ys"
"Hildy;Baack;3999989;hbaackhi;QBXyN0S7L"
"Belvia;Weetch;76720184;bweetchhj;SPjjM1"
"Lind;Grundon;12097170;lgrundonhk;SQCfyo9"
"Bud;Helling;28399911;bhellinghl;hbdvjvZgxI5s"
"Darcie;Simkovitz;63808065;dsimkovitzhm;5ePDOi"
"Diana;Shillington;3193200;dshillingtonhn;jeieGlYWt3x"
"Chaddy;Sanderson;43477041;csandersonho;VNIrd9ILQl"
"Amber;Daviot;14880392;adaviothp;gwrqWV"
"Alic;Pacheco;33253182;apachecohq;HFFRUSjBBNMT"
"Sutherland;Fraczak;95869037;sfraczakhr;Fvg2v6vkLNlO"
"Claybourne;Broggio;89962421;cbroggiohs;FeQvxZ2T"
"Abbe;Samart;99082214;asamartht;MhZgRYzt"
"Bevan;Lob;67574836;blobhu;z2UCKi0am8O"
"Dannie;Veracruysse;29162494;dveracruyssehv;iMcjss4"
"Shayne;Vail;14961158;svailhw;05PPoJ4zcn"
"Katerine;Offield;5007434;koffieldhx;N5MtOs"
"Annamaria;Newsome;76698306;anewsomehy;esc5vMy"
"Nert;Ashdown;24550544;nashdownhz;N5EXb4z"
"Leora;Warre;14129284;lwarrei0;3hSYgQ"
"Tatiania;Moreing;80205478;tmoreingi1;ymoImONIW"
"Lorita;MacGray;79509305;lmacgrayi2;WUz8om"
"Ophelie;Mealand;23679318;omealandi3;JbTQN6kI5lyH"
"Joanne;Rickardsson;48594218;jrickardssoni4;GxCtZLij"
"Jewell;Van Velden;5287050;jvanveldeni5;a0GEgz"
"Bard;Levay;96386996;blevayi6;lh4QunPMbzzY"
"Barnebas;Millthorpe;11445891;bmillthorpei7;fYNMQkewuVpi"
"Mayne;Tupp;73790506;mtuppi8;dkI302xQ"
"Smith;Lownds;75292759;slowndsi9;IN0BUDx"
"Law;Bexon;71148786;lbexonia;2pdqzbOzBjGM"
"Averyl;Blondell;65588197;ablondellib;GR9stfs1m2"
"Ambrosius;De Meis;15225785;ademeisic;NTMlzp0gxAA"
"Shirline;Kleinmann;38005161;skleinmannid;OsZLC91Nx"
"Jeanie;Gullen;90989962;jgullenie;5fwgqcr"
"Neville;Custard;91007811;ncustardif;d3bQCkk"
"Melisenda;Maes;17663041;mmaesig;jB42ZY"
"Cynthea;Haizelden;51317362;chaizeldenih;EaNBRHw9erk9"
"Neilla;Caisley;80314767;ncaisleyii;tIYFmFV3J9m"
"Scarface;Morrice;51510868;smorriceij;B1ZIPLZP"
"Goldy;Droghan;25025048;gdroghanik;dBNikvJyG"
"Charleen;MacAiline;40878338;cmacailineil;FEweYVOODwY"
"Berkly;Godsmark;37857907;bgodsmarkim;Y4jsVsnr"
"Lynelle;Bourbon;39887834;lbourbonin;GguK3JBTGbF"
"Ezra;Loder;19158661;eloderio;wQAwSf9"
"Vasili;Jayume;46579844;vjayumeip;Gaa74HDraHA"
"Corilla;Lennie;34221473;clennieiq;Wqk4gn0yLE"
"Hazel;Symington;34542194;hsymingtonir;9LsNPMt3i7Ej"
"Ram;Tuffs;87147236;rtuffsis;3MID5S"
"Jackie;Skilling;47198920;jskillingit;Y92TH9o227k"
"Kelli;Kubicek;1542175;kkubicekiu;GLaBAi7h"
"Shane;Lythgoe;24627584;slythgoeiv;0AOdG2"
"Ky;Spleving;87726187;ksplevingiw;QTje96ffen4"
"Carie;Float;92095653;cfloatix;7ECcqI9cFppq"
"Blisse;Hatcliffe;8800019;bhatcliffeiy;6MAa5ngWa"
"Giraud;Kiebes;93853545;gkiebesiz;elTywcZCPhX"
"Margareta;Brocklebank;18821550;mbrocklebankj0;3FWmam"
"Orren;Gibling;1282900;ogiblingj1;PelMBe"
"Benedict;Lampl;5597382;blamplj2;EYAD89"
"Giorgio;Ceeley;96503766;gceeleyj3;Y8Lcci5s"
"Janetta;Tollady;43734087;jtolladyj4;KBJbt3MkLrjL"
"Marieann;Giles;46355230;mgilesj5;tgWsLBbWvu"
"Kristoffer;Neames;43915848;kneamesj6;5Qgyo2S4hB4"
"Susanne;Isley;37997276;sisleyj7;Yws2fido4X"
"Derwin;Cammock;22078451;dcammockj8;fXXCRmY86xG"
"Salaidh;Eckh;44496522;seckhj9;PXLFY4j5l81"
"Laural;Calvard;33001310;lcalvardja;eTVA4ov"
"Kimberley;Peete;7169027;kpeetejb;gcD0zx"
"Boyce;Comolli;36818129;bcomollijc;stHq1ly3H"
"Charlene;Gladdolph;21727222;cgladdolphjd;G5Ys3g"
"Ellary;Northage;48953241;enorthageje;MGj8Ou"
"Holly;Slatter;83825129;hslatterjf;rD8oAPVR75a"
"Rozalie;Cadney;66666487;rcadneyjg;yceGnuqA1U"
"Jaime;Richold;37256909;jricholdjh;QSav3UuhcN"
"Ursula;Darree;39294420;udarreeji;2TPhfCKoaqQ"
"Bear;Kervin;87448819;bkervinjj;QGN1SjI6Zilr"
"Dyanna;Raggles;22232910;dragglesjk;xsYJ1gYEs7Sv"
"Vikki;Lob;74890439;vlobjl;sKlW93CrSaJn"
"Caroljean;Wainwright;98126177;cwainwrightjm;LPtrX9F"
"Noam;De Angelo;29086924;ndeangelojn;kSQB8B7YHp"
"Doris;Godbert;57613292;dgodbertjo;DOIuDFF6KYVv"
"Shelley;Sherr;84333632;ssherrjp;RiF1wYROIor"
"Giusto;Gumme;2703220;ggummejq;FiGEVI9R"
"Laurence;Camamile;98330663;lcamamilejr;oJfXFQeFl"
"Pauletta;Cuppitt;97280123;pcuppittjs;39MarBh"
"Christi;Arbor;67108105;carborjt;tzqC8KGzRd"
"Brandie;Nouch;40720459;bnouchju;gbPPs5iu"
"Frannie;Jaspar;72725355;fjasparjv;WfkLmb7Bfe"
"Viki;Scutter;92081893;vscutterjw;Rq3nQnPZa"
"Harri;Featherbie;3043171;hfeatherbiejx;EQ6EKuXp"
"Josee;Ducastel;93816171;jducasteljy;Lv9qzuBA"
"Mark;Eppson;67999013;meppsonjz;NkaGkLMHjs0N"
"Abner;Esbrook;54364065;aesbrookk0;LhgQYs4CNh"
"Marsiella;Cramb;52516205;mcrambk1;WCyjtS"
"Melitta;Barnsdale;1674829;mbarnsdalek2;umkb1L"
"Jeffy;Benedicto;75782703;jbenedictok3;j3xY35rI5a"
"Gal;Cheer;58547015;gcheerk4;S7SSRP56"
"Gwyn;Fessby;80361301;gfessbyk5;QrFZWDa"
"Tallie;Hallbord;51586823;thallbordk6;Zyn7N7B1s"
"Conroy;Dufer;1466539;cduferk7;ayyzrCe"
"Donalt;Ronan;98636624;dronank8;57cNgw609ZMh"
"Harald;Gartside;75274872;hgartsidek9;tZVMvc"
"Terri;Timmermann;80980048;ttimmermannka;a9hC5qX"
"Tierney;MacFadzean;55584498;tmacfadzeankb;Hwyo4Ibb"
"Joelle;Pook;15334940;jpookkc;R8jB3CoLD2z"
"Faydra;Eilers;90499447;feilerskd;nOmBm0xl0i8"
"Osbourn;Arling;25743530;oarlingke;NW1yZTC8nEXR"
"Tedd;Erasmus;55315490;terasmuskf;dHyqIZeeW"
"Janifer;Tweedie;80556355;jtweediekg;2Y0c1ZeWHx"
"Sly;Sheara;27625817;sshearakh;MPoyH2r"
"Ros;FitzGibbon;66261644;rfitzgibbonki;Kzhnh4ELegM"
"Dianne;Rogez;68874400;drogezkj;XhDHClN"
"Evyn;Forestel;57449575;eforestelkk;wz3mj8UIXYl"
"Binnie;Sweetsur;25709310;bsweetsurkl;JWOUzU"
"Babita;Collyer;54937318;bcollyerkm;MbQS1h3yfg"
"Pennie;Jayne;5992750;pjaynekn;NLhNPHfT"
"Jen;Folliss;88425082;jfollissko;dGtONN6ryEt"
"Temp;Catonnet;89103094;tcatonnetkp;CV6J0aZKz"
"Holly-anne;Antal;82742977;hantalkq;NNgpXsRfP"
"Sayre;Arne;48126669;sarnekr;amDEXoz"
"Franny;Gabotti;82921877;fgabottiks;qfHCdi24"
"Lorain;Dudley;36573242;ldudleykt;QpkIPNdied3"
"Netta;Hessel;57306598;nhesselku;jP6ErP2gVdh"
"Danica;Gaitley;84516182;dgaitleykv;WDszg7"
"Daria;Burnage;54936522;dburnagekw;bzhoA7p4R"
"Trace;Fruin;82086923;tfruinkx;kTbA6VNa"
"Erhart;Sturge;55129868;esturgeky;s3SlfIh"
"Brigit;McGrowther;67156955;bmcgrowtherkz;ChLlur"
"Arabella;Presnell;12387132;apresnelll0;3hwaDOp1"
"Teirtza;Jerratsch;59002865;tjerratschl1;CDguxUea"
"Hans;Matisse;12502126;hmatissel2;rXHIL1NG"
"Ivar;Roloff;7318796;iroloffl3;R9kk8A"
"Sharity;Romeuf;24420073;sromeufl4;bkM7L0ZZ5"
"Ivor;Scatcher;81277121;iscatcherl5;qEBv4STgx"
"Stephenie;McVane;1994227;smcvanel6;i5ngxIIA07e"
"Stefanie;Ingry;4312175;singryl7;g6P395"
"Tyler;Blumfield;86499381;tblumfieldl8;iBkG7G7U"
"Sue;Schafer;35486397;sschaferl9;kv3sdUSO8rK"
"Georgine;Gianulli;3586810;ggianullila;xC2DPtLmTdvR"
"Carol;Pencott;84174459;cpencottlb;OZepnZ8DT0f"
"Sybilla;Elwill;82425456;selwilllc;gjVdfU7mdJuF"
"Freda;Breese;33704398;fbreeseld;Ekht4sA6T"
"Elnore;Leversha;7601059;elevershale;PP4PwR"
"Kirsteni;Wheildon;1005369;kwheildonlf;iLCgVjAZ"
"Venus;Winspeare;98827338;vwinspearelg;YyWXwBf"
"Nathalie;Legier;72128282;nlegierlh;MFTLi3"
"Mikel;Lorans;77725471;mloransli;tSsymUcFvBNG"
"Layne;Asplen;83290835;lasplenlj;3mBzoswgVb"
"Elyse;Crosbie;35639217;ecrosbielk;WiUyqc"
"Sunshine;Dorbin;21162477;sdorbinll;N28WIZGsu"
"Golda;Ayton;56649078;gaytonlm;2hOQdE3rOk"
"Ruprecht;Purver;82817028;rpurverln;x29LGS"
"Shayne;Spridgen;18799113;sspridgenlo;LJVISr9ZhH"
"Valry;McIntee;93555014;vmcinteelp;s5Z4sWNr1"
"Stephenie;McGrail;97862843;smcgraillq;Ryut766"
"Garry;Tibols;70050919;gtibolslr;ixc4Q7FwB2p"
"Kaylil;Di Francecshi;53384021;kdifrancecshils;mG6pPFTbrjO"
"Odelinda;Petts;18089208;opettslt;U3rTeyle5XU"
"Earl;Geekie;79055227;egeekielu;12BsUgawRBY7"
"Sidoney;Schellig;46017069;sschelliglv;rbVQV8zKno6"
"Nev;Robilliard;15489436;nrobilliardlw;aJD5Kp7b"
"Dari;Marston;69688807;dmarstonlx;Pn17TxqTOJ"
"Glen;Howland;57935790;ghowlandly;GNwYEzdIy"
"Earl;Sheerin;50348282;esheerinlz;blR5J1A0T"
"Felike;Barbary;76284368;fbarbarym0;9nlHffSQ5KB"
"Giusto;Leupold;93485483;gleupoldm1;fqNOmfSg8"
"Linette;Stute;96036464;lstutem2;YP3VaYJU3"
"Annette;de Voiels;82997150;adevoielsm3;NWSFCpcd8"
"Antoinette;Norquay;88394282;anorquaym4;tcxdOuGxMmaF"
"Hillary;Baylis;69509981;hbaylism5;EaU2ofve"
"Levy;O'Noulane;69556476;lonoulanem6;fnQEcZMq"
"Dena;Penke;38855168;dpenkem7;qBU2t2Y08mwG"
"Godfrey;Wasson;49584524;gwassonm8;YZTcMnFXyo"
"Raviv;Bisterfeld;31780862;rbisterfeldm9;Q7Zr0LkehJo"
"Hyacinthia;Hendren;91824328;hhendrenma;v5zjZ99"
"Irwinn;Holligan;64311511;iholliganmb;UtNf7h"
"Noe;Pitherick;85096050;npitherickmc;9i7yu8f3OHD"
"Berrie;Cosham;43005442;bcoshammd;FDCI5WR8CV"
"Norean;Wall;49734255;nwallme;VPJNvuX"
"Frederic;Folger;70765351;ffolgermf;rN89wUc"
"Keslie;Hort;91815727;khortmg;xrECbOS2v"
"Virge;Camin;55076210;vcaminmh;IjF7wtr"
"Noami;Clemencet;70145544;nclemencetmi;KRcO5610OdC"
"Gabriel;Dimitrov;9408748;gdimitrovmj;kjOBSUh"
"Hayley;Truwert;59953391;htruwertmk;z1vfUblQx5r"
"Jozef;Pulteneye;71650169;jpulteneyeml;NcS4u1zeS"
"Myrtle;Dresse;14948463;mdressemm;4pBTyfO1mxwR"
"Dyana;Boich;95022300;dboichmn;ilojLWz"
"Vincents;Ledes;67977981;vledesmo;rUxGgu2sdr"
"Titos;Guidotti;72673798;tguidottimp;f6ya23jZ"
"Bea;Flecknoe;58825664;bflecknoemq;gr0sq0"
"Nadeen;Morrissey;81791000;nmorrisseymr;vS3ExpfRiNfV"
"Wendall;Tapin;48512312;wtapinms;f3DVcunORE"
"Rina;Spurdens;71555067;rspurdensmt;kFiEdaNMB"
"Birgitta;Schieferstein;84082758;bschiefersteinmu;WIIPc5"
"Jasper;Avrahamoff;16006116;javrahamoffmv;GStrhTj"
"Deborah;Emmatt;49338356;demmattmw;Ug6bcHVsVV6j"
"Bogart;Juan;9207349;bjuanmx;tX1VEqYSLApE"
"Jayme;Shout;77234370;jshoutmy;C112LjC5Rt1j"
"Gene;Crowdace;39591670;gcrowdacemz;LQgGX8F"
"Arnuad;Minchenton;52553072;aminchentonn0;cBFqDOdF"
"Shay;Marielle;5133766;smariellen1;RiYX30j"
"Lola;Stuckow;13851609;lstuckown2;eC82iIzgm"
"Glenn;Izacenko;21839180;gizacenkon3;bsoo9o7FQM9"
"Diannne;Franca;27898791;dfrancan4;2ir2l08"
"Elbert;Gorbell;59860387;egorbelln5;fToWcb1"
"Ashton;Fontelles;14875816;afontellesn6;SbslPDex2vb"
"Cly;Tuff;58645138;ctuffn7;BwJLZD9meP"
"Chick;Viveash;79401102;cviveashn8;2hbnZxXUc9j"
"Myrtie;Rubinfeld;23138173;mrubinfeldn9;5Zm0jdc"
"Leicester;Elfe;5620397;lelfena;Yt0p8tlBdoFL"
"Colet;Erie;67126963;cerienb;ZKRsitWl"
"Ransom;Artiss;93460697;rartissnc;KU57c1AtGj1Y"
"Cecile;Barnshaw;51394904;cbarnshawnd;Qx12O6"
"Alard;Glaisner;93547909;aglaisnerne;HqRCrR9BXLbm"
"Demetria;Charteris;87790368;dcharterisnf;2MAy61"
"Kerk;Colson;81095988;kcolsonng;4FOBHp"
"Gianina;Jerzyk;35247214;gjerzyknh;jc3UvO"
"Kalindi;Barfoot;18775890;kbarfootni;hwwejiFVv"
"Delinda;Gilroy;18796259;dgilroynj;D4rA3O"
"Jennica;Blackeby;52438761;jblackebynk;zZlLXLiZ"
"Leigh;Gold;11691711;lgoldnl;5zOKhfPdhWF"
"Mayer;Beauly;64905226;mbeaulynm;G9Lqff"
"Ursula;Bruin;43974565;ubruinnn;wg2VkTTvKeak"
"Noreen;Gaines;37605142;ngainesno;KlB3ROCXcJNi"
"Cassandre;Izkoveski;96932129;cizkoveskinp;O5voP3vhDWz2"
"Claiborn;Penning;22675261;cpenningnq;9NeohH"
"Bernette;Peasegod;87275803;bpeasegodnr;HE0EN9y2YlD"
"Otha;St Louis;47658833;ostlouisns;GAqcZW5yNp"
"Georgena;Lisciandro;16419749;glisciandront;uJ41nZkyA"
"Den;Hailey;61848541;dhaileynu;lzX9u4PD4yCX"
"Sven;Fluin;33032587;sfluinnv;9YWvvQmqD9s"
"Fiorenze;McBayne;91389096;fmcbaynenw;0q9M7eKpCO"
"Leta;Halloway;54064617;lhallowaynx;Vw43D6Pn"
"Yolanda;Prudence;51211973;yprudenceny;rMbfYIh"
"Arron;Ashenhurst;12534528;aashenhurstnz;IVfsUsf"
"Nadine;Kurton;42506262;nkurtono0;jHIDVYV"
"Kristina;Cattel;41948297;kcattelo1;mPkcdRlskX"
"Karrie;Goodread;56519594;kgoodreado2;DMj0DMun1tY"
"Tony;Egger;12222115;teggero3;84vYEEZ9"
"Carver;Burghill;41212095;cburghillo4;O3zvbrrk"
"Burlie;Stanbra;40883867;bstanbrao5;cdwyCPjoG7"
"Alie;Kordas;75168664;akordaso6;t6vnzBEW1G"
"Salome;Andresen;83545246;sandreseno7;ABrumZmCizM"
"Trista;Meek;63211413;tmeeko8;MfyQsnWTUh"
"Francene;Winchcombe;97474429;fwinchcombeo9;t8g6dQ"
"Winny;Kristoffersson;64291156;wkristofferssonoa;X8Ibzzpg9"
"Lorens;Kornilov;87157308;lkornilovob;Un3J0eYNI"
"Joela;Krauss;31320263;jkraussoc;6sUpXJ1RW"
"Valencia;Emanuelli;867165;vemanuelliod;tzULctO5msy"
"Amber;Dwelley;44071271;adwelleyoe;r9H2qq58y"
"Hanny;Bleackly;98604871;hbleacklyof;RboZ054"
"Win;Giannassi;93819774;wgiannassiog;Cts0FNvltkk3"
"Deidre;Weyman;60104727;dweymanoh;4m5Y53"
"Milt;Rocco;84343414;mroccooi;gLo0boQnsY"
"Sanderson;Allsopp;86431033;sallsoppoj;iTL6l6Yh5F"
"Garvin;Sibun;82079825;gsibunok;w3F1oBseB"
"Jessie;McCrackan;74466744;jmccrackanol;LEKxNERwX"
"Pincus;Thunnercliff;52921794;pthunnercliffom;mzDMr4s54o"
"Anastasia;Mushett;74517229;amushetton;D0CoQZHd"
"Meris;Benny;89783250;mbennyoo;xW0D9c6"
"Maressa;Fernez;82864002;mfernezop;xRs8svvCPp"
"Siana;Colhoun;31281101;scolhounoq;UebP7QFJ376M"
"Nate;Hardwell;4787549;nhardwellor;958MERezFXL"
"Norby;Greenalf;15882864;ngreenalfos;Q1nfQheM3fwx"
"Devon;Graves;67814418;dgravesot;I5E2VZAPOSxP"
"Normand;Steckings;47912262;nsteckingsou;7hdOUyrK5"
"Barbabra;Jorcke;42201224;bjorckeov;9MvqX6GKy"
"Lynda;Skewis;70557122;lskewisow;fh1Q2v68"
"Ursa;Ivashkin;19750813;uivashkinox;6UrzDxqx1"
"Leonie;Stares;40830084;lstaresoy;ycPtAKSeDY"
"Rozele;Kopfen;29089452;rkopfenoz;5bWLlmH"
"Torrence;Weine;52874301;tweinep0;AYtFEOE"
"Nerty;Norheny;13254729;nnorhenyp1;Serr6nYSX"
"Cecil;Fallen;18630626;cfallenp2;kofRwRkHYro"
"Dannie;Bullene;20594334;dbullenep3;HVBOPHt"
"Melisande;Haney;45798932;mhaneyp4;eLuqB1IGep"
"Penny;Konmann;72153757;pkonmannp5;GFuIA6u"
"Correna;Pavlenkov;42698272;cpavlenkovp6;DZUHU5Y"
"Chandal;Pinchbeck;80411279;cpinchbeckp7;Fc8wSdz"
"Kary;Lavalde;71125364;klavaldep8;aozmgx55y7"
"Caldwell;Crutchfield;16518909;ccrutchfieldp9;mr7OxUf1"
"Tillie;Stubbings;77418903;tstubbingspa;EqXb8849Mq"
"Adler;Elwood;90828635;aelwoodpb;owNieVmDe3T"
"Marlane;Danielot;32982357;mdanielotpc;EFAIL8CRxyz6"
"Lynsey;D'Aubney;4958958;ldaubneypd;FOlKIc2"
"Wendeline;Troy;13915364;wtroype;izDtPwwjZ9L"
"Sauveur;Leaf;66277626;sleafpf;s92os49"
"Briana;Castard;41244289;bcastardpg;yUa3kcp8re"
"Danita;Gavozzi;23530568;dgavozziph;zkuFfNOF"
"Yankee;Chart;58838056;ychartpi;2hQh584K"
"Tobe;Reskelly;95844619;treskellypj;fiaGZsbC0GPH"
"Aundrea;O'Dougherty;545494;aodoughertypk;P6gMRFx"
"Didi;Crookall;23943118;dcrookallpl;ikYiOFVx5"
"Adrianne;Targett;68027513;atargettpm;jxBLQFn"
"Lorilee;Roberts;79291179;lrobertspn;yPsyHg"
"Lolita;MacMurray;95121759;lmacmurraypo;q8FMe0"
"Erin;Beldum;81970084;ebeldumpp;zlgE2ghvj"
"Nike;MacKessock;30339376;nmackessockpq;C2jrFXh6dq"
"Myra;Balogh;92640817;mbaloghpr;vSgxPsIOzJK"
"Chloris;Lumox;22266979;clumoxps;T8S5TTaN1"
"Maisie;Rickertsen;96394853;mrickertsenpt;Uh4Vp9l"
"Demeter;McCroary;80909762;dmccroarypu;AESNM0"
"Milt;Habard;73929022;mhabardpv;sMdDeZtKYN"
"Luisa;Jolland;62153572;ljollandpw;XYRDst"
"Raine;Menhci;780135;rmenhcipx;OWG4FDY"
"Kennett;Loraine;37850981;klorainepy;Pdnv0NK"
"Lucio;Fitton;3997241;lfittonpz;MV8LRLCzlWnl"
"Coleman;Schaffler;4756484;cschafflerq0;8fxGDhMqj7"
"Amberly;Lear;78845681;alearq1;4lbDMr8"
"Ham;Leale;10206270;hlealeq2;xQuCG4evm"
"Aldous;Avarne;1387060;aavarneq3;Io2858kEqO"
"Leupold;Skurm;73694305;lskurmq4;M1fIarJTyWZu"
"Dunc;Scarre;18256687;dscarreq5;5PniT325LpL3"
"Joann;Rossi;59625334;jrossiq6;p5wlsTQLIMvf"
"Janis;Weddeburn - Scrimgeour;43510656;jweddeburnscrimgeourq7;gkaZ4VHA"
"Shirlee;Headech;73525445;sheadechq8;DdmP69hy6qz"
"Modesty;Dresse;17576585;mdresseq9;jVXtBqEgDF8L"
"Marquita;Merrall;96729204;mmerrallqa;GKdzxfyD"
"Elora;Northrop;52459368;enorthropqb;HNnQWhcEV"
"Margalit;Oxherd;44312521;moxherdqc;uR9dtDNOjYA"
"Kellen;Lulham;41757841;klulhamqd;ANijmZ3vi01I"
"Tyson;Tivers;65405021;ttiversqe;ejIo1nw838Fp"
"Ted;Hogbourne;21893831;thogbourneqf;ArChs35K"
"Dorie;Ketts;74033284;dkettsqg;6LoamXw"
"Rustie;Gillbard;40411166;rgillbardqh;xr3De6TUX"
"Roberto;Pittham;22338250;rpitthamqi;PZdZKKM8"
"Crissie;Girault;1523802;cgiraultqj;TUZOVleTM"
"Hayley;Topaz;49134738;htopazqk;EO2vCWU"
"Jephthah;Crewes;87512269;jcrewesql;dArBsvA"
"Wolf;Kibbel;52500060;wkibbelqm;ibubD7A66Ucl"
"Stinky;Cathie;43528660;scathieqn;qHAVysCz"
"Mick;Jauncey;68689240;mjaunceyqo;EwslIq0R"
"Emmey;Teresi;91480066;eteresiqp;EtX5wvgx5Je"
"Hal;Guerreiro;53595696;hguerreiroqq;Bz8tkiVoTfd"
"Olvan;Flatman;60933402;oflatmanqr;l9GdNagrrK"
"Lorraine;Issacoff;74985281;lissacoffqs;jgkKRB945"
"Wendye;Peedell;39999637;wpeedellqt;w4RQy5J3oO3"
"Igor;Gabbatiss;93404502;igabbatissqu;7CZGt9O"
"Georgianne;Rigeby;62077866;grigebyqv;PWLd9tBo5"
"Charlena;Boumphrey;74984597;cboumphreyqw;qkPGW5PIm"
"Ardisj;Laurenz;10751212;alaurenzqx;aT3QBa"
"Edward;Sedgmond;22954182;esedgmondqy;VTdYUi"
"Lucas;Maskew;4261503;lmaskewqz;UWzznsWH"
"Gilburt;Spur;39414325;gspurr0;FhEEnYoq9"
"Danell;O'Dooghaine;26842568;dodooghainer1;T0au0J3"
"Jay;Gadsdon;98431372;jgadsdonr2;mJjsJYX3"
"Lesley;Ebben;43375688;lebbenr3;E4HjPlOMpd4O"
"Shana;Hooban;20841463;shoobanr4;Lnow13SaDq7K"
"Frederik;Pandie;6542523;fpandier5;488m7V6"
"Brucie;Showell;17823527;bshowellr6;zSApha"
"Andra;Wint;9841272;awintr7;fpCM82"
"Fonz;Wedon;71972579;fwedonr8;58Ibz1BtP"
"Kelvin;Very;48492250;kveryr9;CWqVU2B"
"Oliviero;Gruszka;65385291;ogruszkara;wZfmtW0tR"
"Mick;Cannavan;41788583;mcannavanrb;DaldHzy"
"Paton;Jaye;16286287;pjayerc;RiveFf7Vha"
"Katerina;Baume;8490457;kbaumerd;wWneJRSwb6"
"Silvio;Yarnall;58247093;syarnallre;d9DePXl"
"Maddi;McCahey;78982571;mmccaheyrf;FV7hokFBHfA"
"Dex;Berr;97487980;dberrrg;z9GMnaz"
"Mellie;Filisov;17760045;mfilisovrh;LIIODudT"
"Thedrick;Elphick;19311718;telphickri;gT1cBs3"
"Clea;Magrannell;70807458;cmagrannellrj;qCa3mZ7ORUzU"
"Anthiathia;Colvill;67030079;acolvillrk;pJxf9mYM3"
"My;Weedon;34351390;mweedonrl;HlWTkehqKb"
"Celestine;Jersh;45636013;cjershrm;voYKYx"
"Wernher;Maystone;85720433;wmaystonern;hwEbGaUnu4"
"Wenonah;Gubbins;51091477;wgubbinsro;a5dl3rLscGn"
"Des;Kanwell;24410524;dkanwellrp;b1LxwEzkp"
"Barbra;Braun;97515273;bbraunrq;QbJh2NLC"
"Cesaro;McLelland;57972749;cmclellandrr;xleqZoHHbtc"
